duration,protocol_type,service,flag,src_bytes,dst_bytes,land,wrong_fragment,urgent,hot,num_failed_logins,logged_in,num_compromised,root_shell,su_attempted,num_root,num_file_creations,num_shells,num_access_files,num_outbound_cmds,is_host_login,is_guest_login,count,srv_count,serror_rate,srv_serror_rate,rerror_rate,srv_rerror_rate,same_srv_rate,diff_srv_rate,srv_diff_host_rate,dst_host_count,dst_host_srv_count,dst_host_same_srv_rate,dst_host_diff_srv_rate,dst_host_same_src_port_rate,dst_host_srv_diff_host_rate,dst_host_serror_rate,dst_host_srv_serror_rate,dst_host_rerror_rate,dst_host_srv_rerror_rate
0.038294076919555664,udp,53,SF,75,215,0,0,0,0,0,0,0,0,0,0,0,0,0,0,0,0,0,0,0.0,0.0,0.0,0.0,0.0,0.0,0.0,0,0,0.0,0.0,0.0,0.0,0.0,0.0,0.0,0.0
0.40607309341430664,udp,51413,SF,131,327,0,0,0,0,0,0,0,0,0,0,0,0,0,0,0,0,0,0,0.0,0.0,0.0,0.0,0.0,0.0,0.0,0,0,0.0,0.0,0.0,0.0,0.0,0.0,0.0,0.0
8.751124858856201,udp,53,SF,145,387,0,0,0,0,0,0,0,0,0,0,0,0,0,0,0,0,1,1,0.0,0.0,0.0,0.0,1.0,0.0,0.0,1,1,1.0,0.0,0.0,0.0,0.0,0.0,0.0,0.0
0.2765469551086426,udp,49001,SF,131,317,0,0,0,0,0,0,0,0,0,0,0,0,0,0,0,0,0,0,0.0,0.0,0.0,0.0,0.0,0.0,0.0,0,0,0.0,0.0,0.0,0.0,0.0,0.0,0.0,0.0
0.05511307716369629,udp,53,SF,78,246,0,0,0,0,0,0,0,0,0,0,0,0,0,0,0,0,2,2,0.0,0.0,0.0,0.0,1.0,0.0,0.0,2,2,1.0,0.0,0.0,0.0,0.0,0.0,0.0,0.0
0.05342602729797363,udp,53,SF,78,201,0,0,0,0,0,0,0,0,0,0,0,0,0,0,0,0,3,3,0.0,0.0,0.0,0.0,1.0,0.0,0.0,3,3,1.0,0.0,0.0,0.0,0.0,0.0,0.0,0.0
0.05147099494934082,udp,53,SF,78,246,0,0,0,0,0,0,0,0,0,0,0,0,0,0,0,0,4,4,0.0,0.0,0.0,0.0,1.0,0.0,0.0,4,4,1.0,0.0,0.0,0.0,0.0,0.0,0.0,0.0
0.5417640209197998,udp,47783,SF,131,317,0,0,0,0,0,0,0,0,0,0,0,0,0,0,0,0,0,0,0.0,0.0,0.0,0.0,0.0,0.0,0.0,0,0,0.0,0.0,0.0,0.0,0.0,0.0,0.0,0.0
0.3526878356933594,udp,51413,SF,131,296,0,0,0,0,0,0,0,0,0,0,0,0,0,0,0,0,0,0,0.0,0.0,0.0,0.0,0.0,0.0,0.0,0,0,0.0,0.0,0.0,0.0,0.0,0.0,0.0,0.0
0.45633602142333984,udp,6881,SF,131,305,0,0,0,0,0,0,0,0,0,0,0,0,0,0,0,0,0,0,0.0,0.0,0.0,0.0,0.0,0.0,0.0,0,0,0.0,0.0,0.0,0.0,0.0,0.0,0.0,0.0
0.5314180850982666,udp,6881,SF,131,327,0,0,0,0,0,0,0,0,0,0,0,0,0,0,0,0,0,0,0.0,0.0,0.0,0.0,0.0,0.0,0.0,0,0,0.0,0.0,0.0,0.0,0.0,0.0,0.0,0.0
0.523061990737915,udp,51032,SF,131,305,0,0,0,0,0,0,0,0,0,0,0,0,0,0,0,0,0,0,0.0,0.0,0.0,0.0,0.0,0.0,0.0,0,0,0.0,0.0,0.0,0.0,0.0,0.0,0.0,0.0
0.09754490852355957,udp,51413,SF,131,296,0,0,0,0,0,0,0,0,0,0,0,0,0,0,0,0,0,0,0.0,0.0,0.0,0.0,0.0,0.0,0.0,0,0,0.0,0.0,0.0,0.0,0.0,0.0,0.0,0.0
0.7928338050842285,udp,5353,SF,1209,0,0,0,0,0,0,0,0,0,0,0,0,0,0,0,0,0,0,0,0.0,0.0,0.0,0.0,0.0,0.0,0.0,0,0,0.0,0.0,0.0,0.0,0.0,0.0,0.0,0.0
1.4349420070648193,udp,23627,SF,131,317,0,0,0,0,0,0,0,0,0,0,0,0,0,0,0,0,0,0,0.0,0.0,0.0,0.0,0.0,0.0,0.0,0,0,0.0,0.0,0.0,0.0,0.0,0.0,0.0,0.0
0.4666779041290283,udp,28012,SF,131,305,0,0,0,0,0,0,0,0,0,0,0,0,0,0,0,0,0,0,0.0,0.0,0.0,0.0,0.0,0.0,0.0,0,0,0.0,0.0,0.0,0.0,0.0,0.0,0.0,0.0
0.4509727954864502,udp,8648,SF,131,305,0,0,0,0,0,0,0,0,0,0,0,0,0,0,0,0,0,0,0.0,0.0,0.0,0.0,0.0,0.0,0.0,0,0,0.0,0.0,0.0,0.0,0.0,0.0,0.0,0.0
0.41379690170288086,udp,28005,SF,131,305,0,0,0,0,0,0,0,0,0,0,0,0,0,0,0,0,0,0,0.0,0.0,0.0,0.0,0.0,0.0,0.0,0,0,0.0,0.0,0.0,0.0,0.0,0.0,0.0,0.0
0.041522979736328125,udp,5353,SF,328,0,0,0,0,0,0,0,0,0,0,0,0,0,0,0,0,0,1,1,0.0,0.0,0.0,0.0,1.0,0.0,0.0,1,1,1.0,0.0,0.0,0.0,0.0,0.0,0.0,0.0
0.5714950561523438,udp,51413,SF,131,296,0,0,0,0,0,0,0,0,0,0,0,0,0,0,0,0,0,0,0.0,0.0,0.0,0.0,0.0,0.0,0.0,0,0,0.0,0.0,0.0,0.0,0.0,0.0,0.0,0.0
0.0495150089263916,udp,53,SF,77,208,0,0,0,0,0,0,0,0,0,0,0,0,0,0,0,0,5,5,0.0,0.0,0.0,0.0,1.0,0.0,0.0,5,5,1.0,0.0,0.0,0.0,0.0,0.0,0.0,0.0
0.04824995994567871,udp,53,SF,77,259,0,0,0,0,0,0,0,0,0,0,0,0,0,0,0,0,6,6,0.0,0.0,0.0,0.0,1.0,0.0,0.0,6,6,1.0,0.0,0.0,0.0,0.0,0.0,0.0,0.0
0.3321859836578369,udp,33055,SF,131,327,0,0,0,0,0,0,0,0,0,0,0,0,0,0,0,0,0,0,0.0,0.0,0.0,0.0,0.0,0.0,0.0,0,0,0.0,0.0,0.0,0.0,0.0,0.0,0.0,0.0
0.1491258144378662,udp,7776,SF,131,327,0,0,0,0,0,0,0,0,0,0,0,0,0,0,0,0,0,0,0.0,0.0,0.0,0.0,0.0,0.0,0.0,0,0,0.0,0.0,0.0,0.0,0.0,0.0,0.0,0.0
0.15262603759765625,udp,7771,SF,131,327,0,0,0,0,0,0,0,0,0,0,0,0,0,0,0,0,0,0,0.0,0.0,0.0,0.0,0.0,0.0,0.0,0,0,0.0,0.0,0.0,0.0,0.0,0.0,0.0,0.0
1.8557438850402832,tcp,443,REJ,7458,6769,0,0,0,0,0,0,0,0,0,0,0,0,0,0,0,0,0,0,0.0,0.0,1.0,1.0,0.0,0.0,0.0,0,0,0.0,0.0,0.0,0.0,0.0,0.0,1.0,1.0
0.13123106956481934,udp,40512,SF,131,327,0,0,0,0,0,0,0,0,0,0,0,0,0,0,0,0,0,0,0.0,0.0,0.0,0.0,0.0,0.0,0.0,0,0,0.0,0.0,0.0,0.0,0.0,0.0,0.0,0.0
0.31995701789855957,tcp,443,REJ,80,40,0,0,0,0,0,0,0,0,0,0,0,0,0,0,0,0,0,0,0.0,0.0,1.0,1.0,0.0,0.0,0.0,0,0,0.0,0.0,0.0,0.0,0.0,0.0,1.0,1.0
0.18713903427124023,tcp,53,S0,332,350,0,0,0,0,0,0,0,0,0,0,0,0,0,0,0,0,7,7,1.0,1.0,0.0,0.0,1.0,0.0,0.0,7,7,1.0,0.0,0.0,0.0,1.0,1.0,0.0,0.0
0.1862351894378662,tcp,53,S0,332,338,0,0,0,0,0,0,0,0,0,0,0,0,0,0,0,0,8,8,1.0,1.0,0.0,0.0,1.0,0.0,0.0,8,8,1.0,0.0,0.0,0.0,1.0,1.0,0.0,0.0
0.18606805801391602,tcp,53,S0,332,379,0,0,0,0,0,0,0,0,0,0,0,0,0,0,0,0,9,9,1.0,1.0,0.0,0.0,1.0,0.0,0.0,9,9,1.0,0.0,0.0,0.0,1.0,1.0,0.0,0.0
0.6013638973236084,tcp,443,REJ,1618,7366,0,0,0,0,0,0,0,0,0,0,0,0,0,0,0,0,0,0,0.0,0.0,1.0,1.0,0.0,0.0,0.0,0,0,0.0,0.0,0.0,0.0,0.0,0.0,1.0,1.0
0.27820515632629395,udp,42379,SF,131,327,0,0,0,0,0,0,0,0,0,0,0,0,0,0,0,0,0,0,0.0,0.0,0.0,0.0,0.0,0.0,0.0,0,0,0.0,0.0,0.0,0.0,0.0,0.0,0.0,0.0
0.34711480140686035,udp,30020,SF,131,296,0,0,0,0,0,0,0,0,0,0,0,0,0,0,0,0,0,0,0.0,0.0,0.0,0.0,0.0,0.0,0.0,0,0,0.0,0.0,0.0,0.0,0.0,0.0,0.0,0.0
0.18878912925720215,tcp,53,S0,342,422,0,0,0,0,0,0,0,0,0,0,0,0,0,0,0,0,10,10,1.0,1.0,0.0,0.0,1.0,0.0,0.0,10,10,1.0,0.0,0.0,0.0,1.0,1.0,0.0,0.0
0.18868088722229004,tcp,53,S0,342,542,0,0,0,0,0,0,0,0,0,0,0,0,0,0,0,0,11,11,1.0,1.0,0.0,0.0,1.0,0.0,0.0,11,11,1.0,0.0,0.0,0.0,1.0,1.0,0.0,0.0
0.1885969638824463,tcp,53,S0,342,422,0,0,0,0,0,0,0,0,0,0,0,0,0,0,0,0,12,12,1.0,1.0,0.0,0.0,1.0,0.0,0.0,12,12,1.0,0.0,0.0,0.0,1.0,1.0,0.0,0.0
0.16125988960266113,tcp,53,S0,331,343,0,0,0,0,0,0,0,0,0,0,0,0,0,0,0,0,13,13,1.0,1.0,0.0,0.0,1.0,0.0,0.0,13,13,1.0,0.0,0.0,0.0,1.0,1.0,0.0,0.0
0.16111207008361816,tcp,53,S0,331,331,0,0,0,0,0,0,0,0,0,0,0,0,0,0,0,0,14,14,1.0,1.0,0.0,0.0,1.0,0.0,0.0,14,14,1.0,0.0,0.0,0.0,1.0,1.0,0.0,0.0
0.16096806526184082,tcp,53,S0,331,365,0,0,0,0,0,0,0,0,0,0,0,0,0,0,0,0,15,15,1.0,1.0,0.0,0.0,1.0,0.0,0.0,15,15,1.0,0.0,0.0,0.0,1.0,1.0,0.0,0.0
0.32250189781188965,udp,51178,SF,131,327,0,0,0,0,0,0,0,0,0,0,0,0,0,0,0,0,0,0,0.0,0.0,0.0,0.0,0.0,0.0,0.0,0,0,0.0,0.0,0.0,0.0,0.0,0.0,0.0,0.0
0.12008404731750488,udp,13428,SF,131,296,0,0,0,0,0,0,0,0,0,0,0,0,0,0,0,0,0,0,0.0,0.0,0.0,0.0,0.0,0.0,0.0,0,0,0.0,0.0,0.0,0.0,0.0,0.0,0.0,0.0
0.339432954788208,udp,57213,SF,131,327,0,0,0,0,0,0,0,0,0,0,0,0,0,0,0,0,0,0,0.0,0.0,0.0,0.0,0.0,0.0,0.0,0,0,0.0,0.0,0.0,0.0,0.0,0.0,0.0,0.0
0.6101510524749756,udp,13410,SF,131,317,0,0,0,0,0,0,0,0,0,0,0,0,0,0,0,0,0,0,0.0,0.0,0.0,0.0,0.0,0.0,0.0,0,0,0.0,0.0,0.0,0.0,0.0,0.0,0.0,0.0
0.19003510475158691,udp,19516,SF,131,296,0,0,0,0,0,0,0,0,0,0,0,0,0,0,0,0,0,0,0.0,0.0,0.0,0.0,0.0,0.0,0.0,0,0,0.0,0.0,0.0,0.0,0.0,0.0,0.0,0.0
0.17643094062805176,udp,20105,SF,131,317,0,0,0,0,0,0,0,0,0,0,0,0,0,0,0,0,0,0,0.0,0.0,0.0,0.0,0.0,0.0,0.0,0,0,0.0,0.0,0.0,0.0,0.0,0.0,0.0,0.0
0.7939498424530029,udp,5353,SF,1209,0,0,0,0,0,0,0,0,0,0,0,0,0,0,0,0,0,2,2,0.0,0.0,0.0,0.0,1.0,0.0,0.0,2,2,1.0,0.0,0.0,0.0,0.0,0.0,0.0,0.0
0.1991720199584961,udp,40928,SF,131,327,0,0,0,0,0,0,0,0,0,0,0,0,0,0,0,0,0,0,0.0,0.0,0.0,0.0,0.0,0.0,0.0,0,0,0.0,0.0,0.0,0.0,0.0,0.0,0.0,0.0
0.07681083679199219,udp,53,SF,65,188,0,0,0,0,0,0,0,0,0,0,0,0,0,0,0,0,16,16,0.0,0.0,0.0,0.0,1.0,0.0,0.0,16,16,1.0,0.0,0.0,0.0,0.0,0.0,0.0,0.0
0.6253628730773926,tcp,50740,REJ,343,223,0,0,0,0,0,0,0,0,0,0,0,0,0,0,0,0,0,0,0.0,0.0,1.0,1.0,0.0,0.0,0.0,0,0,0.0,0.0,0.0,0.0,0.0,0.0,1.0,1.0
0.0,udp,54723,SF,131,0,0,0,0,0,0,0,0,0,0,0,0,0,0,0,0,0,0,0,0.0,0.0,0.0,0.0,0.0,0.0,0.0,0,0,0.0,0.0,0.0,0.0,0.0,0.0,0.0,0.0
0.0,udp,2425,SF,131,0,0,0,0,0,0,0,0,0,0,0,0,0,0,0,0,0,0,0,0.0,0.0,0.0,0.0,0.0,0.0,0.0,0,0,0.0,0.0,0.0,0.0,0.0,0.0,0.0,0.0
0.0,udp,30293,SF,131,0,0,0,0,0,0,0,0,0,0,0,0,0,0,0,0,0,0,0,0.0,0.0,0.0,0.0,0.0,0.0,0.0,0,0,0.0,0.0,0.0,0.0,0.0,0.0,0.0,0.0
6.39677095413208,udp,53,SF,209,579,0,0,0,0,0,0,0,0,0,0,0,0,0,0,0,0,0,0,0.0,0.0,0.0,0.0,0.0,0.0,0.0,0,0,0.0,0.0,0.0,0.0,0.0,0.0,0.0,0.0
6.3944251537323,udp,53,SF,209,524,0,0,0,0,0,0,0,0,0,0,0,0,0,0,0,0,1,1,0.0,0.0,0.0,0.0,1.0,0.0,0.0,1,1,1.0,0.0,0.0,0.0,0.0,0.0,0.0,0.0
0.2774779796600342,udp,6882,SF,131,327,0,0,0,0,0,0,0,0,0,0,0,0,0,0,0,0,0,0,0.0,0.0,0.0,0.0,0.0,0.0,0.0,0,0,0.0,0.0,0.0,0.0,0.0,0.0,0.0,0.0
0.0,udp,29651,SF,131,0,0,0,0,0,0,0,0,0,0,0,0,0,0,0,0,0,0,0,0.0,0.0,0.0,0.0,0.0,0.0,0.0,0,0,0.0,0.0,0.0,0.0,0.0,0.0,0.0,0.0
0.030606985092163086,udp,5353,SF,328,0,0,0,0,0,0,0,0,0,0,0,0,0,0,0,0,0,0,0,0.0,0.0,0.0,0.0,0.0,0.0,0.0,0,0,0.0,0.0,0.0,0.0,0.0,0.0,0.0,0.0
0.0,udp,21991,SF,131,0,0,0,0,0,0,0,0,0,0,0,0,0,0,0,0,0,0,0,0.0,0.0,0.0,0.0,0.0,0.0,0.0,0,0,0.0,0.0,0.0,0.0,0.0,0.0,0.0,0.0
0.0,udp,1849,SF,131,0,0,0,0,0,0,0,0,0,0,0,0,0,0,0,0,0,0,0,0.0,0.0,0.0,0.0,0.0,0.0,0.0,0,0,0.0,0.0,0.0,0.0,0.0,0.0,0.0,0.0
17.401129961013794,udp,53,SF,285,1061,0,0,0,0,0,0,0,0,0,0,0,0,0,0,0,0,2,2,0.0,0.0,0.0,0.0,1.0,0.0,0.0,2,2,1.0,0.0,0.0,0.0,0.0,0.0,0.0,0.0
17.39996600151062,udp,53,SF,285,1135,0,0,0,0,0,0,0,0,0,0,0,0,0,0,0,0,3,3,0.0,0.0,0.0,0.0,1.0,0.0,0.0,3,3,1.0,0.0,0.0,0.0,0.0,0.0,0.0,0.0
0.0,udp,6881,SF,131,0,0,0,0,0,0,0,0,0,0,0,0,0,0,0,0,0,0,0,0.0,0.0,0.0,0.0,0.0,0.0,0.0,0,0,0.0,0.0,0.0,0.0,0.0,0.0,0.0,0.0
0.14800500869750977,udp,6881,SF,131,327,0,0,0,0,0,0,0,0,0,0,0,0,0,0,0,0,0,0,0.0,0.0,0.0,0.0,0.0,0.0,0.0,0,0,0.0,0.0,0.0,0.0,0.0,0.0,0.0,0.0
0.3248448371887207,udp,2089,SF,131,317,0,0,0,0,0,0,0,0,0,0,0,0,0,0,0,0,0,0,0.0,0.0,0.0,0.0,0.0,0.0,0.0,0,0,0.0,0.0,0.0,0.0,0.0,0.0,0.0,0.0
0.23966598510742188,udp,53,SF,63,79,0,0,0,0,0,0,0,0,0,0,0,0,0,0,0,0,4,4,0.0,0.0,0.0,0.0,1.0,0.0,0.0,4,4,1.0,0.0,0.0,0.0,0.0,0.0,0.0,0.0
0.2260138988494873,udp,53,SF,63,91,0,0,0,0,0,0,0,0,0,0,0,0,0,0,0,0,5,5,0.0,0.0,0.0,0.0,1.0,0.0,0.0,5,5,1.0,0.0,0.0,0.0,0.0,0.0,0.0,0.0
0.12108898162841797,udp,53,SF,78,242,0,0,0,0,0,0,0,0,0,0,0,0,0,0,0,0,6,6,0.0,0.0,0.0,0.0,1.0,0.0,0.0,6,6,1.0,0.0,0.0,0.0,0.0,0.0,0.0,0.0
0.10603809356689453,udp,53,SF,78,198,0,0,0,0,0,0,0,0,0,0,0,0,0,0,0,0,7,7,0.0,0.0,0.0,0.0,1.0,0.0,0.0,7,7,1.0,0.0,0.0,0.0,0.0,0.0,0.0,0.0
0.12084007263183594,udp,53,SF,78,242,0,0,0,0,0,0,0,0,0,0,0,0,0,0,0,0,8,8,0.0,0.0,0.0,0.0,1.0,0.0,0.0,8,8,1.0,0.0,0.0,0.0,0.0,0.0,0.0,0.0
0.3939199447631836,udp,9775,SF,131,317,0,0,0,0,0,0,0,0,0,0,0,0,0,0,0,0,0,0,0.0,0.0,0.0,0.0,0.0,0.0,0.0,0,0,0.0,0.0,0.0,0.0,0.0,0.0,0.0,0.0
7.766896963119507,udp,53,SF,121,188,0,0,0,0,0,0,0,0,0,0,0,0,0,0,0,0,9,9,0.0,0.0,0.0,0.0,1.0,0.0,0.0,9,9,1.0,0.0,0.0,0.0,0.0,0.0,0.0,0.0
7.7666709423065186,udp,53,SF,121,188,0,0,0,0,0,0,0,0,0,0,0,0,0,0,0,0,10,10,0.0,0.0,0.0,0.0,1.0,0.0,0.0,10,10,1.0,0.0,0.0,0.0,0.0,0.0,0.0,0.0
0.06327700614929199,udp,53,SF,62,103,0,0,0,0,0,0,0,0,0,0,0,0,0,0,0,0,11,11,0.0,0.0,0.0,0.0,1.0,0.0,0.0,11,11,1.0,0.0,0.0,0.0,0.0,0.0,0.0,0.0
0.06435394287109375,udp,53,SF,62,115,0,0,0,0,0,0,0,0,0,0,0,0,0,0,0,0,12,12,0.0,0.0,0.0,0.0,1.0,0.0,0.0,12,12,1.0,0.0,0.0,0.0,0.0,0.0,0.0,0.0
0.06420087814331055,udp,53,SF,75,103,0,0,0,0,0,0,0,0,0,0,0,0,0,0,0,0,13,13,0.0,0.0,0.0,0.0,1.0,0.0,0.0,13,13,1.0,0.0,0.0,0.0,0.0,0.0,0.0,0.0
0.0026531219482421875,udp,53,SF,67,67,0,0,0,0,0,0,0,0,0,0,0,0,0,0,0,0,14,14,0.0,0.0,0.0,0.0,1.0,0.0,0.0,14,14,1.0,0.0,0.0,0.0,0.0,0.0,0.0,0.0
0.004024982452392578,udp,53,SF,67,67,0,0,0,0,0,0,0,0,0,0,0,0,0,0,0,0,15,15,0.0,0.0,0.0,0.0,1.0,0.0,0.0,15,15,1.0,0.0,0.0,0.0,0.0,0.0,0.0,0.0
0.33964109420776367,udp,63619,SF,131,317,0,0,0,0,0,0,0,0,0,0,0,0,0,0,0,0,0,0,0.0,0.0,0.0,0.0,0.0,0.0,0.0,0,0,0.0,0.0,0.0,0.0,0.0,0.0,0.0,0.0
0.12589192390441895,udp,32993,SF,131,327,0,0,0,0,0,0,0,0,0,0,0,0,0,0,0,0,0,0,0.0,0.0,0.0,0.0,0.0,0.0,0.0,0,0,0.0,0.0,0.0,0.0,0.0,0.0,0.0,0.0
0.0,udp,44891,SF,131,0,0,0,0,0,0,0,0,0,0,0,0,0,0,0,0,0,0,0,0.0,0.0,0.0,0.0,0.0,0.0,0.0,0,0,0.0,0.0,0.0,0.0,0.0,0.0,0.0,0.0
0.7931051254272461,udp,5353,SF,1209,0,0,0,0,0,0,0,0,0,0,0,0,0,0,0,0,0,1,1,0.0,0.0,0.0,0.0,1.0,0.0,0.0,1,1,1.0,0.0,0.0,0.0,0.0,0.0,0.0,0.0
0.0,udp,14238,SF,131,0,0,0,0,0,0,0,0,0,0,0,0,0,0,0,0,0,0,0,0.0,0.0,0.0,0.0,0.0,0.0,0.0,0,0,0.0,0.0,0.0,0.0,0.0,0.0,0.0,0.0
0.04241013526916504,udp,53,SF,60,241,0,0,0,0,0,0,0,0,0,0,0,0,0,0,0,0,16,16,0.0,0.0,0.0,0.0,1.0,0.0,0.0,16,16,1.0,0.0,0.0,0.0,0.0,0.0,0.0,0.0
0.0457148551940918,udp,53,SF,60,265,0,0,0,0,0,0,0,0,0,0,0,0,0,0,0,0,17,17,0.0,0.0,0.0,0.0,1.0,0.0,0.0,17,17,1.0,0.0,0.0,0.0,0.0,0.0,0.0,0.0
0.3822340965270996,udp,11003,SF,131,327,0,0,0,0,0,0,0,0,0,0,0,0,0,0,0,0,0,0,0.0,0.0,0.0,0.0,0.0,0.0,0.0,0,0,0.0,0.0,0.0,0.0,0.0,0.0,0.0,0.0
0.5604040622711182,udp,38109,SF,131,327,0,0,0,0,0,0,0,0,0,0,0,0,0,0,0,0,0,0,0.0,0.0,0.0,0.0,0.0,0.0,0.0,0,0,0.0,0.0,0.0,0.0,0.0,0.0,0.0,0.0
0.027044057846069336,udp,53,SF,62,103,0,0,0,0,0,0,0,0,0,0,0,0,0,0,0,0,18,18,0.0,0.0,0.0,0.0,1.0,0.0,0.0,18,18,1.0,0.0,0.0,0.0,0.0,0.0,0.0,0.0
0.039173126220703125,udp,53,SF,62,115,0,0,0,0,0,0,0,0,0,0,0,0,0,0,0,0,19,19,0.0,0.0,0.0,0.0,1.0,0.0,0.0,19,19,1.0,0.0,0.0,0.0,0.0,0.0,0.0,0.0
0.3390541076660156,tcp,59704,OTH,144,120,0,0,0,0,0,0,0,0,0,0,0,0,0,0,0,0,0,0,0.0,0.0,0.0,0.0,0.0,0.0,0.0,0,0,0.0,0.0,0.0,0.0,0.0,0.0,0.0,0.0
0.0,udp,44891,SF,131,0,0,0,0,0,0,0,0,0,0,0,0,0,0,0,0,0,1,1,0.0,0.0,0.0,0.0,1.0,0.0,0.0,1,1,1.0,0.0,0.0,0.0,0.0,0.0,0.0,0.0
0.8337118625640869,tcp,443,REJ,1339,7366,0,0,0,0,0,0,0,0,0,0,0,0,0,0,0,0,0,0,0.0,0.0,1.0,1.0,0.0,0.0,0.0,0,0,0.0,0.0,0.0,0.0,0.0,0.0,1.0,1.0
0.10332107543945312,tcp,50610,REJ,343,223,0,0,0,0,0,0,0,0,0,0,0,0,0,0,0,0,1,0,0.0,0.0,1.0,1.0,0.0,1.0,0.0,1,0,0.0,1.0,0.0,0.0,0.0,0.0,1.0,1.0
0.5675888061523438,udp,57399,SF,131,327,0,0,0,0,0,0,0,0,0,0,0,0,0,0,0,0,0,0,0.0,0.0,0.0,0.0,0.0,0.0,0.0,0,0,0.0,0.0,0.0,0.0,0.0,0.0,0.0,0.0
0.15383505821228027,udp,33007,SF,131,327,0,0,0,0,0,0,0,0,0,0,0,0,0,0,0,0,0,0,0.0,0.0,0.0,0.0,0.0,0.0,0.0,0,0,0.0,0.0,0.0,0.0,0.0,0.0,0.0,0.0
3.008765935897827,tcp,53,S0,156,0,0,0,0,0,0,0,0,0,0,0,0,0,0,0,0,0,20,20,1.0,1.0,0.0,0.0,1.0,0.0,0.0,20,20,1.0,0.0,0.0,0.0,1.0,1.0,0.0,0.0
3.0086278915405273,tcp,53,S0,156,0,0,0,0,0,0,0,0,0,0,0,0,0,0,0,0,0,21,21,1.0,1.0,0.0,0.0,1.0,0.0,0.0,21,21,1.0,0.0,0.0,0.0,1.0,1.0,0.0,0.0
3.0085208415985107,tcp,53,S0,156,0,0,0,0,0,0,0,0,0,0,0,0,0,0,0,0,0,22,22,1.0,1.0,0.0,0.0,1.0,0.0,0.0,22,22,1.0,0.0,0.0,0.0,1.0,1.0,0.0,0.0
1.0149438381195068,tcp,53,S0,104,0,0,0,0,0,0,0,0,0,0,0,0,0,0,0,0,0,23,23,1.0,1.0,0.0,0.0,1.0,0.0,0.0,23,23,1.0,0.0,0.0,0.0,1.0,1.0,0.0,0.0
1.0147650241851807,tcp,53,S0,104,0,0,0,0,0,0,0,0,0,0,0,0,0,0,0,0,0,24,24,1.0,1.0,0.0,0.0,1.0,0.0,0.0,24,24,1.0,0.0,0.0,0.0,1.0,1.0,0.0,0.0
1.0146160125732422,tcp,53,S0,104,0,0,0,0,0,0,0,0,0,0,0,0,0,0,0,0,0,25,25,1.0,1.0,0.0,0.0,1.0,0.0,0.0,25,25,1.0,0.0,0.0,0.0,1.0,1.0,0.0,0.0
0.035028934478759766,udp,5353,SF,328,0,0,0,0,0,0,0,0,0,0,0,0,0,0,0,0,0,2,2,0.0,0.0,0.0,0.0,1.0,0.0,0.0,2,2,1.0,0.0,0.0,0.0,0.0,0.0,0.0,0.0
0.0,udp,32949,SF,131,0,0,0,0,0,0,0,0,0,0,0,0,0,0,0,0,0,0,0,0.0,0.0,0.0,0.0,0.0,0.0,0.0,0,0,0.0,0.0,0.0,0.0,0.0,0.0,0.0,0.0
3.016155958175659,tcp,53,S0,156,0,0,0,0,0,0,0,0,0,0,0,0,0,0,0,0,0,26,26,1.0,1.0,0.0,0.0,1.0,0.0,0.0,26,26,1.0,0.0,0.0,0.0,1.0,1.0,0.0,0.0
3.016004800796509,tcp,53,S0,156,0,0,0,0,0,0,0,0,0,0,0,0,0,0,0,0,0,27,27,1.0,1.0,0.0,0.0,1.0,0.0,0.0,27,27,1.0,0.0,0.0,0.0,1.0,1.0,0.0,0.0
3.015899181365967,tcp,53,S0,156,0,0,0,0,0,0,0,0,0,0,0,0,0,0,0,0,0,28,28,1.0,1.0,0.0,0.0,1.0,0.0,0.0,28,28,1.0,0.0,0.0,0.0,1.0,1.0,0.0,0.0
0.11254501342773438,udp,53,SF,78,346,0,0,0,0,0,0,0,0,0,0,0,0,0,0,0,0,29,29,0.0,0.0,0.0,0.0,1.0,0.0,0.0,29,29,1.0,0.0,0.0,0.0,0.0,0.0,0.0,0.0
0.06473302841186523,udp,53,SF,78,78,0,0,0,0,0,0,0,0,0,0,0,0,0,0,0,0,30,30,0.0,0.0,0.0,0.0,1.0,0.0,0.0,30,30,1.0,0.0,0.0,0.0,0.0,0.0,0.0,0.0
3.014887809753418,tcp,53,S0,156,0,0,0,0,0,0,0,0,0,0,0,0,0,0,0,0,0,31,31,1.0,1.0,0.0,0.0,1.0,0.0,0.0,31,31,1.0,0.0,0.0,0.0,1.0,1.0,0.0,0.0
3.014693021774292,tcp,53,S0,156,0,0,0,0,0,0,0,0,0,0,0,0,0,0,0,0,0,32,32,1.0,1.0,0.0,0.0,1.0,0.0,0.0,32,32,1.0,0.0,0.0,0.0,1.0,1.0,0.0,0.0
3.014539957046509,tcp,53,S0,156,0,0,0,0,0,0,0,0,0,0,0,0,0,0,0,0,0,33,33,1.0,1.0,0.0,0.0,1.0,0.0,0.0,33,33,1.0,0.0,0.0,0.0,1.0,1.0,0.0,0.0
1.011949062347412,tcp,53,S0,104,0,0,0,0,0,0,0,0,0,0,0,0,0,0,0,0,0,34,34,1.0,1.0,0.0,0.0,1.0,0.0,0.0,34,34,1.0,0.0,0.0,0.0,1.0,1.0,0.0,0.0
1.0117719173431396,tcp,53,S0,104,0,0,0,0,0,0,0,0,0,0,0,0,0,0,0,0,0,35,35,1.0,1.0,0.0,0.0,1.0,0.0,0.0,35,35,1.0,0.0,0.0,0.0,1.0,1.0,0.0,0.0
1.0116260051727295,tcp,53,S0,104,0,0,0,0,0,0,0,0,0,0,0,0,0,0,0,0,0,36,36,1.0,1.0,0.0,0.0,1.0,0.0,0.0,36,36,1.0,0.0,0.0,0.0,1.0,1.0,0.0,0.0
0.2516920566558838,tcp,443,OTH,80,40,0,0,0,0,0,0,0,0,0,0,0,0,0,0,0,0,0,0,0.0,0.0,0.0,0.0,0.0,0.0,0.0,0,0,0.0,0.0,0.0,0.0,0.0,0.0,0.0,0.0
1.7229337692260742,udp,49001,SF,131,317,0,0,0,0,0,0,0,0,0,0,0,0,0,0,0,0,0,0,0.0,0.0,0.0,0.0,0.0,0.0,0.0,0,0,0.0,0.0,0.0,0.0,0.0,0.0,0.0,0.0
1.0729870796203613,udp,53,SF,56,72,0,0,0,0,0,0,0,0,0,0,0,0,0,0,0,0,37,37,0.0,0.0,0.0,0.0,1.0,0.0,0.0,37,37,1.0,0.0,0.0,0.0,0.0,0.0,0.0,0.0
1.072709083557129,udp,53,SF,56,84,0,0,0,0,0,0,0,0,0,0,0,0,0,0,0,0,38,38,0.0,0.0,0.0,0.0,1.0,0.0,0.0,38,38,1.0,0.0,0.0,0.0,0.0,0.0,0.0,0.0
1.0726771354675293,udp,53,SF,77,93,0,0,0,0,0,0,0,0,0,0,0,0,0,0,0,0,39,39,0.0,0.0,0.0,0.0,1.0,0.0,0.0,39,39,1.0,0.0,0.0,0.0,0.0,0.0,0.0,0.0
1.0724520683288574,udp,53,SF,77,105,0,0,0,0,0,0,0,0,0,0,0,0,0,0,0,0,40,40,0.0,0.0,0.0,0.0,1.0,0.0,0.0,40,40,1.0,0.0,0.0,0.0,0.0,0.0,0.0,0.0
31.03289294242859,tcp,53,REJ,302,345,0,0,0,0,0,0,0,0,0,0,0,0,0,0,0,0,41,41,0.0,0.0,1.0,1.0,1.0,0.0,0.0,41,41,1.0,0.0,0.0,0.0,0.0,0.0,1.0,1.0
31.039870023727417,tcp,53,REJ,302,409,0,0,0,0,0,0,0,0,0,0,0,0,0,0,0,0,42,42,0.0,0.0,1.0,1.0,1.0,0.0,0.0,42,42,1.0,0.0,0.0,0.0,0.0,0.0,1.0,1.0
19.60104489326477,tcp,53,REJ,291,353,0,0,0,0,0,0,0,0,0,0,0,0,0,0,0,0,43,43,0.0,0.0,1.0,1.0,1.0,0.0,0.0,43,43,1.0,0.0,0.0,0.0,0.0,0.0,1.0,1.0
19.596303939819336,tcp,53,REJ,291,341,0,0,0,0,0,0,0,0,0,0,0,0,0,0,0,0,44,44,0.0,0.0,1.0,1.0,1.0,0.0,0.0,44,44,1.0,0.0,0.0,0.0,0.0,0.0,1.0,1.0
19.169625997543335,tcp,53,REJ,973,260,0,0,0,0,0,0,0,0,0,0,0,0,0,0,0,0,45,45,0.0,0.0,1.0,1.0,1.0,0.0,0.0,45,45,1.0,0.0,0.0,0.0,0.0,0.0,1.0,1.0
0.4079289436340332,udp,45652,SF,131,317,0,0,0,0,0,0,0,0,0,0,0,0,0,0,0,0,0,0,0.0,0.0,0.0,0.0,0.0,0.0,0.0,0,0,0.0,0.0,0.0,0.0,0.0,0.0,0.0,0.0
35.42639207839966,tcp,53,REJ,289,403,0,0,0,0,0,0,0,0,0,0,0,0,0,0,0,0,46,46,0.0,0.0,1.0,1.0,1.0,0.0,0.0,46,46,1.0,0.0,0.0,0.0,0.0,0.0,1.0,1.0
35.423502922058105,tcp,53,REJ,289,432,0,0,0,0,0,0,0,0,0,0,0,0,0,0,0,0,47,47,0.0,0.0,1.0,1.0,1.0,0.0,0.0,47,47,1.0,0.0,0.0,0.0,0.0,0.0,1.0,1.0
35.38187599182129,tcp,53,REJ,302,631,0,0,0,0,0,0,0,0,0,0,0,0,0,0,0,0,48,48,0.0,0.0,1.0,1.0,1.0,0.0,0.0,48,48,1.0,0.0,0.0,0.0,0.0,0.0,1.0,1.0
35.38175702095032,tcp,53,REJ,302,871,0,0,0,0,0,0,0,0,0,0,0,0,0,0,0,0,49,49,0.0,0.0,1.0,1.0,1.0,0.0,0.0,49,49,1.0,0.0,0.0,0.0,0.0,0.0,1.0,1.0
35.381612062454224,tcp,53,REJ,302,631,0,0,0,0,0,0,0,0,0,0,0,0,0,0,0,0,50,50,0.0,0.0,1.0,1.0,1.0,0.0,0.0,50,50,1.0,0.0,0.0,0.0,0.0,0.0,1.0,1.0
36.49484086036682,tcp,53,REJ,289,427,0,0,0,0,0,0,0,0,0,0,0,0,0,0,0,0,51,51,0.0,0.0,1.0,1.0,1.0,0.0,0.0,51,51,1.0,0.0,0.0,0.0,0.0,0.0,1.0,1.0
35.8614399433136,tcp,53,REJ,289,427,0,0,0,0,0,0,0,0,0,0,0,0,0,0,0,0,52,52,0.0,0.0,1.0,1.0,1.0,0.0,0.0,52,52,1.0,0.0,0.0,0.0,0.0,0.0,1.0,1.0
35.861217975616455,tcp,53,REJ,289,403,0,0,0,0,0,0,0,0,0,0,0,0,0,0,0,0,53,53,0.0,0.0,1.0,1.0,1.0,0.0,0.0,53,53,1.0,0.0,0.0,0.0,0.0,0.0,1.0,1.0
9.59827995300293,udp,53,SF,193,237,0,0,0,0,0,0,0,0,0,0,0,0,0,0,0,0,54,54,0.0,0.0,0.0,0.0,1.0,0.0,0.0,54,54,1.0,0.0,0.0,0.0,0.0,0.0,0.0,0.0
9.588462114334106,udp,53,SF,123,167,0,0,0,0,0,0,0,0,0,0,0,0,0,0,0,0,55,55,0.0,0.0,0.0,0.0,1.0,0.0,0.0,55,55,1.0,0.0,0.0,0.0,0.0,0.0,0.0,0.0
0.2872140407562256,udp,21486,SF,131,317,0,0,0,0,0,0,0,0,0,0,0,0,0,0,0,0,0,0,0.0,0.0,0.0,0.0,0.0,0.0,0.0,0,0,0.0,0.0,0.0,0.0,0.0,0.0,0.0,0.0
0.057945966720581055,udp,53,SF,65,97,0,0,0,0,0,0,0,0,0,0,0,0,0,0,0,0,56,56,0.0,0.0,0.0,0.0,1.0,0.0,0.0,56,56,1.0,0.0,0.0,0.0,0.0,0.0,0.0,0.0
0.05885505676269531,udp,53,SF,65,93,0,0,0,0,0,0,0,0,0,0,0,0,0,0,0,0,57,57,0.0,0.0,0.0,0.0,1.0,0.0,0.0,57,57,1.0,0.0,0.0,0.0,0.0,0.0,0.0,0.0
1.0886321067810059,tcp,443,REJ,1523,1236,0,0,0,0,0,0,0,0,0,0,0,0,0,0,0,0,1,1,0.0,0.0,1.0,1.0,1.0,0.0,0.0,1,1,1.0,0.0,0.0,0.0,0.0,0.0,1.0,1.0
0.3106570243835449,udp,3322,SF,131,315,0,0,0,0,0,0,0,0,0,0,0,0,0,0,0,0,0,0,0.0,0.0,0.0,0.0,0.0,0.0,0.0,0,0,0.0,0.0,0.0,0.0,0.0,0.0,0.0,0.0
0.5156350135803223,udp,1078,SF,131,327,0,0,0,0,0,0,0,0,0,0,0,0,0,0,0,0,0,0,0.0,0.0,0.0,0.0,0.0,0.0,0.0,0,0,0.0,0.0,0.0,0.0,0.0,0.0,0.0,0.0
0.0642099380493164,udp,53,SF,65,247,0,0,0,0,0,0,0,0,0,0,0,0,0,0,0,0,58,58,0.0,0.0,0.0,0.0,1.0,0.0,0.0,58,58,1.0,0.0,0.0,0.0,0.0,0.0,0.0,0.0
0.05218791961669922,udp,53,SF,65,235,0,0,0,0,0,0,0,0,0,0,0,0,0,0,0,0,59,59,0.0,0.0,0.0,0.0,1.0,0.0,0.0,59,59,1.0,0.0,0.0,0.0,0.0,0.0,0.0,0.0
0.0604250431060791,udp,53,SF,65,279,0,0,0,0,0,0,0,0,0,0,0,0,0,0,0,0,60,60,0.0,0.0,0.0,0.0,1.0,0.0,0.0,60,60,1.0,0.0,0.0,0.0,0.0,0.0,0.0,0.0
0.0,udp,23145,SF,131,0,0,0,0,0,0,0,0,0,0,0,0,0,0,0,0,0,0,0,0.0,0.0,0.0,0.0,0.0,0.0,0.0,0,0,0.0,0.0,0.0,0.0,0.0,0.0,0.0,0.0
0.04831194877624512,udp,53,SF,65,105,0,0,0,0,0,0,0,0,0,0,0,0,0,0,0,0,61,61,0.0,0.0,0.0,0.0,1.0,0.0,0.0,61,61,1.0,0.0,0.0,0.0,0.0,0.0,0.0,0.0
0.04929399490356445,udp,53,SF,65,117,0,0,0,0,0,0,0,0,0,0,0,0,0,0,0,0,62,62,0.0,0.0,0.0,0.0,1.0,0.0,0.0,62,62,1.0,0.0,0.0,0.0,0.0,0.0,0.0,0.0
0.0,udp,20868,SF,131,0,0,0,0,0,0,0,0,0,0,0,0,0,0,0,0,0,0,0,0.0,0.0,0.0,0.0,0.0,0.0,0.0,0,0,0.0,0.0,0.0,0.0,0.0,0.0,0.0,0.0
68.16514086723328,tcp,53,REJ,330,484,0,0,0,0,0,0,0,0,0,0,0,0,0,0,0,0,63,63,0.0,0.0,1.0,1.0,1.0,0.0,0.0,63,63,1.0,0.0,0.0,0.0,0.0,0.0,1.0,1.0
67.8405408859253,tcp,53,REJ,343,474,0,0,0,0,0,0,0,0,0,0,0,0,0,0,0,0,64,64,0.0,0.0,1.0,1.0,1.0,0.0,0.0,64,64,1.0,0.0,0.0,0.0,0.0,0.0,1.0,1.0
0.056429147720336914,udp,53,SF,65,147,0,0,0,0,0,0,0,0,0,0,0,0,0,0,0,0,65,65,0.0,0.0,0.0,0.0,1.0,0.0,0.0,65,65,1.0,0.0,0.0,0.0,0.0,0.0,0.0,0.0
0.06011199951171875,udp,53,SF,65,188,0,0,0,0,0,0,0,0,0,0,0,0,0,0,0,0,66,66,0.0,0.0,0.0,0.0,1.0,0.0,0.0,66,66,1.0,0.0,0.0,0.0,0.0,0.0,0.0,0.0
0.3316640853881836,udp,37975,SF,131,327,0,0,0,0,0,0,0,0,0,0,0,0,0,0,0,0,0,0,0.0,0.0,0.0,0.0,0.0,0.0,0.0,0,0,0.0,0.0,0.0,0.0,0.0,0.0,0.0,0.0
35.52517795562744,tcp,53,REJ,289,317,0,0,0,0,0,0,0,0,0,0,0,0,0,0,0,0,66,66,0.0,0.0,1.0,1.0,1.0,0.0,0.0,66,66,1.0,0.0,0.0,0.0,0.0,0.0,1.0,1.0
35.52708101272583,tcp,53,REJ,289,305,0,0,0,0,0,0,0,0,0,0,0,0,0,0,0,0,66,66,0.0,0.0,1.0,1.0,1.0,0.0,0.0,66,66,1.0,0.0,0.0,0.0,0.0,0.0,1.0,1.0
35.52489995956421,tcp,53,REJ,289,339,0,0,0,0,0,0,0,0,0,0,0,0,0,0,0,0,67,67,0.0,0.0,1.0,1.0,1.0,0.0,0.0,67,67,1.0,0.0,0.0,0.0,0.0,0.0,1.0,1.0
35.56010699272156,tcp,53,REJ,287,315,0,0,0,0,0,0,0,0,0,0,0,0,0,0,0,0,68,68,0.0,0.0,1.0,1.0,1.0,0.0,0.0,68,68,1.0,0.0,0.0,0.0,0.0,0.0,1.0,1.0
35.5611310005188,tcp,53,REJ,287,303,0,0,0,0,0,0,0,0,0,0,0,0,0,0,0,0,69,69,0.0,0.0,1.0,1.0,1.0,0.0,0.0,69,69,1.0,0.0,0.0,0.0,0.0,0.0,1.0,1.0
35.55992817878723,tcp,53,REJ,287,337,0,0,0,0,0,0,0,0,0,0,0,0,0,0,0,0,70,70,0.0,0.0,1.0,1.0,1.0,0.0,0.0,70,70,1.0,0.0,0.0,0.0,0.0,0.0,1.0,1.0
31.564866065979004,tcp,53,REJ,289,317,0,0,0,0,0,0,0,0,0,0,0,0,0,0,0,0,71,71,0.0,0.0,1.0,1.0,1.0,0.0,0.0,71,71,1.0,0.0,0.0,0.0,0.0,0.0,1.0,1.0
31.564592123031616,tcp,53,REJ,289,397,0,0,0,0,0,0,0,0,0,0,0,0,0,0,0,0,71,71,0.0,0.0,1.0,1.0,1.0,0.0,0.0,71,71,1.0,0.0,0.0,0.0,0.0,0.0,1.0,1.0
0.2731180191040039,udp,6881,SF,131,327,0,0,0,0,0,0,0,0,0,0,0,0,0,0,0,0,0,0,0.0,0.0,0.0,0.0,0.0,0.0,0.0,0,0,0.0,0.0,0.0,0.0,0.0,0.0,0.0,0.0
35.550865173339844,tcp,53,REJ,287,315,0,0,0,0,0,0,0,0,0,0,0,0,0,0,0,0,71,71,0.0,0.0,1.0,1.0,1.0,0.0,0.0,71,71,1.0,0.0,0.0,0.0,0.0,0.0,1.0,1.0
35.55187797546387,tcp,53,REJ,287,303,0,0,0,0,0,0,0,0,0,0,0,0,0,0,0,0,72,72,0.0,0.0,1.0,1.0,1.0,0.0,0.0,72,72,1.0,0.0,0.0,0.0,0.0,0.0,1.0,1.0
0.0,udp,14663,SF,131,0,0,0,0,0,0,0,0,0,0,0,0,0,0,0,0,0,0,0,0.0,0.0,0.0,0.0,0.0,0.0,0.0,0,0,0.0,0.0,0.0,0.0,0.0,0.0,0.0,0.0
28.21878695487976,tcp,443,S0,4174,5923,0,0,0,0,0,0,0,0,0,0,0,0,0,0,0,0,0,0,1.0,1.0,0.0,0.0,0.0,0.0,0.0,0,0,0.0,0.0,0.0,0.0,1.0,1.0,0.0,0.0
0.46169495582580566,tcp,50612,REJ,343,223,0,0,0,0,0,0,0,0,0,0,0,0,0,0,0,0,2,0,0.0,0.0,1.0,1.0,0.0,1.0,0.0,2,0,0.0,1.0,0.0,0.0,0.0,0.0,1.0,1.0
0.7960398197174072,udp,5353,SF,1209,0,0,0,0,0,0,0,0,0,0,0,0,0,0,0,0,0,2,2,0.0,0.0,0.0,0.0,1.0,0.0,0.0,2,2,1.0,0.0,0.0,0.0,0.0,0.0,0.0,0.0
0.0,udp,6881,SF,131,0,0,0,0,0,0,0,0,0,0,0,0,0,0,0,0,0,0,0,0.0,0.0,0.0,0.0,0.0,0.0,0.0,0,0,0.0,0.0,0.0,0.0,0.0,0.0,0.0,0.0
6.538651943206787,udp,53,SF,128,357,0,0,0,0,0,0,0,0,0,0,0,0,0,0,0,0,68,68,0.0,0.0,0.0,0.0,1.0,0.0,0.0,68,68,1.0,0.0,0.0,0.0,0.0,0.0,0.0,0.0
6.536862850189209,udp,53,SF,121,174,0,0,0,0,0,0,0,0,0,0,0,0,0,0,0,0,69,69,0.0,0.0,0.0,0.0,1.0,0.0,0.0,69,69,1.0,0.0,0.0,0.0,0.0,0.0,0.0,0.0
6.536743879318237,udp,53,SF,121,186,0,0,0,0,0,0,0,0,0,0,0,0,0,0,0,0,69,69,0.0,0.0,0.0,0.0,1.0,0.0,0.0,69,69,1.0,0.0,0.0,0.0,0.0,0.0,0.0,0.0
6.537688970565796,udp,53,SF,128,273,0,0,0,0,0,0,0,0,0,0,0,0,0,0,0,0,69,69,0.0,0.0,0.0,0.0,1.0,0.0,0.0,69,69,1.0,0.0,0.0,0.0,0.0,0.0,0.0,0.0
0.15614104270935059,udp,53,SF,139,423,0,0,0,0,0,0,0,0,0,0,0,0,0,0,0,0,69,69,0.0,0.0,0.0,0.0,1.0,0.0,0.0,69,69,1.0,0.0,0.0,0.0,0.0,0.0,0.0,0.0
0.1559309959411621,udp,53,SF,139,254,0,0,0,0,0,0,0,0,0,0,0,0,0,0,0,0,69,69,0.0,0.0,0.0,0.0,1.0,0.0,0.0,69,69,1.0,0.0,0.0,0.0,0.0,0.0,0.0,0.0
80.92090892791748,tcp,443,REJ,82,144,0,0,0,0,0,0,0,0,0,0,0,0,0,0,0,0,0,0,0.0,0.0,1.0,1.0,0.0,0.0,0.0,0,0,0.0,0.0,0.0,0.0,0.0,0.0,1.0,1.0
63.72828388214111,tcp,443,REJ,3435,33314,0,0,0,0,0,0,0,0,0,0,0,0,0,0,0,0,0,0,0.0,0.0,1.0,1.0,0.0,0.0,0.0,0,0,0.0,0.0,0.0,0.0,0.0,0.0,1.0,1.0
0.08978700637817383,udp,5353,SF,328,0,0,0,0,0,0,0,0,0,0,0,0,0,0,0,0,0,0,0,0.0,0.0,0.0,0.0,0.0,0.0,0.0,0,0,0.0,0.0,0.0,0.0,0.0,0.0,0.0,0.0
0.18174290657043457,udp,8368,SF,131,296,0,0,0,0,0,0,0,0,0,0,0,0,0,0,0,0,0,0,0.0,0.0,0.0,0.0,0.0,0.0,0.0,0,0,0.0,0.0,0.0,0.0,0.0,0.0,0.0,0.0
0.28873682022094727,udp,53,SF,70,86,0,0,0,0,0,0,0,0,0,0,0,0,0,0,0,0,0,0,0.0,0.0,0.0,0.0,0.0,0.0,0.0,0,0,0.0,0.0,0.0,0.0,0.0,0.0,0.0,0.0
0.2885899543762207,udp,53,SF,70,127,0,0,0,0,0,0,0,0,0,0,0,0,0,0,0,0,1,1,0.0,0.0,0.0,0.0,1.0,0.0,0.0,1,1,1.0,0.0,0.0,0.0,0.0,0.0,0.0,0.0
4.655440092086792,udp,53,SF,152,418,0,0,0,0,0,0,0,0,0,0,0,0,0,0,0,0,2,2,0.0,0.0,0.0,0.0,1.0,0.0,0.0,2,2,1.0,0.0,0.0,0.0,0.0,0.0,0.0,0.0
0.5692949295043945,udp,51413,SF,131,592,0,0,0,0,0,0,0,0,0,0,0,0,0,0,0,0,0,0,0.0,0.0,0.0,0.0,0.0,0.0,0.0,0,0,0.0,0.0,0.0,0.0,0.0,0.0,0.0,0.0
9.996077060699463,udp,53,SF,229,779,0,0,0,0,0,0,0,0,0,0,0,0,0,0,0,0,3,3,0.0,0.0,0.0,0.0,1.0,0.0,0.0,3,3,1.0,0.0,0.0,0.0,0.0,0.0,0.0,0.0
0.14567899703979492,udp,32646,SF,131,327,0,0,0,0,0,0,0,0,0,0,0,0,0,0,0,0,0,0,0.0,0.0,0.0,0.0,0.0,0.0,0.0,0,0,0.0,0.0,0.0,0.0,0.0,0.0,0.0,0.0
0.38956308364868164,udp,38882,SF,131,317,0,0,0,0,0,0,0,0,0,0,0,0,0,0,0,0,0,0,0.0,0.0,0.0,0.0,0.0,0.0,0.0,0,0,0.0,0.0,0.0,0.0,0.0,0.0,0.0,0.0
0.7901561260223389,udp,5353,SF,1209,0,0,0,0,0,0,0,0,0,0,0,0,0,0,0,0,0,1,1,0.0,0.0,0.0,0.0,1.0,0.0,0.0,1,1,1.0,0.0,0.0,0.0,0.0,0.0,0.0,0.0
0.19200992584228516,udp,33112,SF,131,327,0,0,0,0,0,0,0,0,0,0,0,0,0,0,0,0,0,0,0.0,0.0,0.0,0.0,0.0,0.0,0.0,0,0,0.0,0.0,0.0,0.0,0.0,0.0,0.0,0.0
0.22638988494873047,udp,7384,SF,131,327,0,0,0,0,0,0,0,0,0,0,0,0,0,0,0,0,0,0,0.0,0.0,0.0,0.0,0.0,0.0,0.0,0,0,0.0,0.0,0.0,0.0,0.0,0.0,0.0,0.0
0.26053810119628906,udp,51413,SF,131,296,0,0,0,0,0,0,0,0,0,0,0,0,0,0,0,0,0,0,0.0,0.0,0.0,0.0,0.0,0.0,0.0,0,0,0.0,0.0,0.0,0.0,0.0,0.0,0.0,0.0
0.5603489875793457,udp,19109,SF,131,305,0,0,0,0,0,0,0,0,0,0,0,0,0,0,0,0,0,0,0.0,0.0,0.0,0.0,0.0,0.0,0.0,0,0,0.0,0.0,0.0,0.0,0.0,0.0,0.0,0.0
0.07350611686706543,udp,53,SF,94,179,0,0,0,0,0,0,0,0,0,0,0,0,0,0,0,0,4,4,0.0,0.0,0.0,0.0,1.0,0.0,0.0,4,4,1.0,0.0,0.0,0.0,0.0,0.0,0.0,0.0
0.0860447883605957,udp,53,SF,94,247,0,0,0,0,0,0,0,0,0,0,0,0,0,0,0,0,5,5,0.0,0.0,0.0,0.0,1.0,0.0,0.0,5,5,1.0,0.0,0.0,0.0,0.0,0.0,0.0,0.0
0.1587080955505371,udp,51413,SF,131,296,0,0,0,0,0,0,0,0,0,0,0,0,0,0,0,0,0,0,0.0,0.0,0.0,0.0,0.0,0.0,0.0,0,0,0.0,0.0,0.0,0.0,0.0,0.0,0.0,0.0
0.08693599700927734,udp,20539,SF,131,317,0,0,0,0,0,0,0,0,0,0,0,0,0,0,0,0,0,0,0.0,0.0,0.0,0.0,0.0,0.0,0.0,0,0,0.0,0.0,0.0,0.0,0.0,0.0,0.0,0.0
0.7762360572814941,udp,53,SF,70,86,0,0,0,0,0,0,0,0,0,0,0,0,0,0,0,0,6,6,0.0,0.0,0.0,0.0,1.0,0.0,0.0,6,6,1.0,0.0,0.0,0.0,0.0,0.0,0.0,0.0
0.9461760520935059,udp,53,SF,70,98,0,0,0,0,0,0,0,0,0,0,0,0,0,0,0,0,7,7,0.0,0.0,0.0,0.0,1.0,0.0,0.0,7,7,1.0,0.0,0.0,0.0,0.0,0.0,0.0,0.0
0.16041302680969238,udp,53,SF,78,250,0,0,0,0,0,0,0,0,0,0,0,0,0,0,0,0,8,8,0.0,0.0,0.0,0.0,1.0,0.0,0.0,8,8,1.0,0.0,0.0,0.0,0.0,0.0,0.0,0.0
2.1434850692749023,udp,53,SF,148,296,0,0,0,0,0,0,0,0,0,0,0,0,0,0,0,0,9,9,0.0,0.0,0.0,0.0,1.0,0.0,0.0,9,9,1.0,0.0,0.0,0.0,0.0,0.0,0.0,0.0
0.0,udp,34567,SF,131,0,0,0,0,0,0,0,0,0,0,0,0,0,0,0,0,0,0,0,0.0,0.0,0.0,0.0,0.0,0.0,0.0,0,0,0.0,0.0,0.0,0.0,0.0,0.0,0.0,0.0
0.16543102264404297,udp,53,SF,70,98,0,0,0,0,0,0,0,0,0,0,0,0,0,0,0,0,10,10,0.0,0.0,0.0,0.0,1.0,0.0,0.0,10,10,1.0,0.0,0.0,0.0,0.0,0.0,0.0,0.0
0.3822181224822998,udp,65532,SF,131,327,0,0,0,0,0,0,0,0,0,0,0,0,0,0,0,0,0,0,0.0,0.0,0.0,0.0,0.0,0.0,0.0,0,0,0.0,0.0,0.0,0.0,0.0,0.0,0.0,0.0
0.14153003692626953,udp,40701,SF,131,327,0,0,0,0,0,0,0,0,0,0,0,0,0,0,0,0,0,0,0.0,0.0,0.0,0.0,0.0,0.0,0.0,0,0,0.0,0.0,0.0,0.0,0.0,0.0,0.0,0.0
0.13570094108581543,udp,33124,SF,131,327,0,0,0,0,0,0,0,0,0,0,0,0,0,0,0,0,0,0,0.0,0.0,0.0,0.0,0.0,0.0,0.0,0,0,0.0,0.0,0.0,0.0,0.0,0.0,0.0,0.0
1.213958978652954,udp,51413,SF,131,296,0,0,0,0,0,0,0,0,0,0,0,0,0,0,0,0,0,0,0.0,0.0,0.0,0.0,0.0,0.0,0.0,0,0,0.0,0.0,0.0,0.0,0.0,0.0,0.0,0.0
0.10825610160827637,udp,5353,SF,328,0,0,0,0,0,0,0,0,0,0,0,0,0,0,0,0,0,2,2,0.0,0.0,0.0,0.0,1.0,0.0,0.0,2,2,1.0,0.0,0.0,0.0,0.0,0.0,0.0,0.0
0.30945801734924316,udp,9365,SF,131,296,0,0,0,0,0,0,0,0,0,0,0,0,0,0,0,0,0,0,0.0,0.0,0.0,0.0,0.0,0.0,0.0,0,0,0.0,0.0,0.0,0.0,0.0,0.0,0.0,0.0
0.4457550048828125,tcp,53,S0,329,317,0,0,0,0,0,0,0,0,0,0,0,0,0,0,0,0,11,11,1.0,1.0,0.0,0.0,1.0,0.0,0.0,11,11,1.0,0.0,0.0,0.0,1.0,1.0,0.0,0.0
0.4008910655975342,tcp,53,S0,329,305,0,0,0,0,0,0,0,0,0,0,0,0,0,0,0,0,12,12,1.0,1.0,0.0,0.0,1.0,0.0,0.0,12,12,1.0,0.0,0.0,0.0,1.0,1.0,0.0,0.0
0.445389986038208,tcp,53,S0,329,314,0,0,0,0,0,0,0,0,0,0,0,0,0,0,0,0,13,13,1.0,1.0,0.0,0.0,1.0,0.0,0.0,13,13,1.0,0.0,0.0,0.0,1.0,1.0,0.0,0.0
0.29105496406555176,tcp,53,S0,331,468,0,0,0,0,0,0,0,0,0,0,0,0,0,0,0,0,14,14,1.0,1.0,0.0,0.0,1.0,0.0,0.0,14,14,1.0,0.0,0.0,0.0,1.0,1.0,0.0,0.0
0.2908821105957031,tcp,53,S0,331,456,0,0,0,0,0,0,0,0,0,0,0,0,0,0,0,0,15,15,1.0,1.0,0.0,0.0,1.0,0.0,0.0,15,15,1.0,0.0,0.0,0.0,1.0,1.0,0.0,0.0
0.2919940948486328,tcp,53,S0,331,426,0,0,0,0,0,0,0,0,0,0,0,0,0,0,0,0,16,16,1.0,1.0,0.0,0.0,1.0,0.0,0.0,16,16,1.0,0.0,0.0,0.0,1.0,1.0,0.0,0.0
0.6312780380249023,tcp,443,REJ,1299,7326,0,0,0,0,0,0,0,0,0,0,0,0,0,0,0,0,0,0,0.0,0.0,1.0,1.0,0.0,0.0,0.0,0,0,0.0,0.0,0.0,0.0,0.0,0.0,1.0,1.0
0.22631096839904785,udp,32507,SF,131,327,0,0,0,0,0,0,0,0,0,0,0,0,0,0,0,0,0,0,0.0,0.0,0.0,0.0,0.0,0.0,0.0,0,0,0.0,0.0,0.0,0.0,0.0,0.0,0.0,0.0
1.9089021682739258,tcp,443,S0,4870,6659,0,0,0,0,0,0,0,0,0,0,0,0,0,0,0,0,0,0,1.0,1.0,0.0,0.0,0.0,0.0,0.0,0,0,0.0,0.0,0.0,0.0,1.0,1.0,0.0,0.0
0.4091951847076416,tcp,53200,OTH,237,80,0,0,0,0,0,0,0,0,0,0,0,0,0,0,0,0,0,0,0.0,0.0,0.0,0.0,0.0,0.0,0.0,0,0,0.0,0.0,0.0,0.0,0.0,0.0,0.0,0.0
0.0,tcp,443,REJ,40,0,0,0,0,0,0,0,0,0,0,0,0,0,0,0,0,0,0,0,0.0,0.0,1.0,1.0,0.0,0.0,0.0,0,0,0.0,0.0,0.0,0.0,0.0,0.0,1.0,1.0
1.4968409538269043,tcp,443,REJ,1223,4725,0,0,0,0,0,0,0,0,0,0,0,0,0,0,0,0,0,0,0.0,0.0,1.0,1.0,0.0,0.0,0.0,0,0,0.0,0.0,0.0,0.0,0.0,0.0,1.0,1.0
1.65966796875,tcp,443,S0,1390,4643,0,0,0,0,0,0,0,0,0,0,0,0,0,0,0,0,1,1,1.0,1.0,0.0,0.0,1.0,0.0,0.0,1,1,1.0,0.0,0.0,0.0,1.0,1.0,0.0,0.0
0.3850979804992676,udp,49001,SF,131,317,0,0,0,0,0,0,0,0,0,0,0,0,0,0,0,0,0,0,0.0,0.0,0.0,0.0,0.0,0.0,0.0,0,0,0.0,0.0,0.0,0.0,0.0,0.0,0.0,0.0
1.6185519695281982,tcp,443,REJ,5927,4827,0,0,0,0,0,0,0,0,0,0,0,0,0,0,0,0,2,2,0.0,0.0,1.0,1.0,1.0,0.0,0.0,2,2,1.0,0.0,0.0,0.0,0.0,0.0,1.0,1.0
1.599363088607788,tcp,443,REJ,3091,4725,0,0,0,0,0,0,0,0,0,0,0,0,0,0,0,0,3,3,0.0,0.0,1.0,1.0,1.0,0.0,0.0,3,3,1.0,0.0,0.0,0.0,0.0,0.0,1.0,1.0
1.4871110916137695,tcp,443,REJ,5518,4854,0,0,0,0,0,0,0,0,0,0,0,0,0,0,0,0,4,4,0.0,0.0,1.0,1.0,1.0,0.0,0.0,4,4,1.0,0.0,0.0,0.0,0.0,0.0,1.0,1.0
0.1685628890991211,tcp,53,S0,326,314,0,0,0,0,0,0,0,0,0,0,0,0,0,0,0,0,17,17,1.0,1.0,0.0,0.0,1.0,0.0,0.0,17,17,1.0,0.0,0.0,0.0,1.0,1.0,0.0,0.0
0.16837000846862793,tcp,53,S0,326,302,0,0,0,0,0,0,0,0,0,0,0,0,0,0,0,0,18,18,1.0,1.0,0.0,0.0,1.0,0.0,0.0,18,18,1.0,0.0,0.0,0.0,1.0,1.0,0.0,0.0
0.16822195053100586,tcp,53,S0,326,311,0,0,0,0,0,0,0,0,0,0,0,0,0,0,0,0,19,19,1.0,1.0,0.0,0.0,1.0,0.0,0.0,19,19,1.0,0.0,0.0,0.0,1.0,1.0,0.0,0.0
1.93023681640625,tcp,443,REJ,1778,4694,0,0,0,0,0,0,0,0,0,0,0,0,0,0,0,0,5,5,0.0,0.0,1.0,1.0,1.0,0.0,0.0,5,5,1.0,0.0,0.0,0.0,0.0,0.0,1.0,1.0
0.17383193969726562,tcp,53,S0,331,343,0,0,0,0,0,0,0,0,0,0,0,0,0,0,0,0,20,20,1.0,1.0,0.0,0.0,1.0,0.0,0.0,20,20,1.0,0.0,0.0,0.0,1.0,1.0,0.0,0.0
0.2362821102142334,tcp,53,S0,331,331,0,0,0,0,0,0,0,0,0,0,0,0,0,0,0,0,21,21,1.0,1.0,0.0,0.0,1.0,0.0,0.0,21,21,1.0,0.0,0.0,0.0,1.0,1.0,0.0,0.0
0.2362351417541504,tcp,53,S0,331,365,0,0,0,0,0,0,0,0,0,0,0,0,0,0,0,0,22,22,1.0,1.0,0.0,0.0,1.0,0.0,0.0,22,22,1.0,0.0,0.0,0.0,1.0,1.0,0.0,0.0
0.15074801445007324,udp,40915,SF,131,327,0,0,0,0,0,0,0,0,0,0,0,0,0,0,0,0,0,0,0.0,0.0,0.0,0.0,0.0,0.0,0.0,0,0,0.0,0.0,0.0,0.0,0.0,0.0,0.0,0.0
9.574995994567871,udp,53,SF,346,433,0,0,0,0,0,0,0,0,0,0,0,0,0,0,0,0,23,23,0.0,0.0,0.0,0.0,1.0,0.0,0.0,23,23,1.0,0.0,0.0,0.0,0.0,0.0,0.0,0.0
9.573825120925903,udp,53,SF,346,650,0,0,0,0,0,0,0,0,0,0,0,0,0,0,0,0,24,24,0.0,0.0,0.0,0.0,1.0,0.0,0.0,24,24,1.0,0.0,0.0,0.0,0.0,0.0,0.0,0.0
0.285290002822876,udp,53419,SF,131,296,0,0,0,0,0,0,0,0,0,0,0,0,0,0,0,0,0,0,0.0,0.0,0.0,0.0,0.0,0.0,0.0,0,0,0.0,0.0,0.0,0.0,0.0,0.0,0.0,0.0
0.9754269123077393,tcp,443,REJ,1643,7454,0,0,0,0,0,0,0,0,0,0,0,0,0,0,0,0,1,1,0.0,0.0,1.0,1.0,1.0,0.0,0.0,1,1,1.0,0.0,0.0,0.0,0.0,0.0,1.0,1.0
0.18391013145446777,tcp,53,S0,329,317,0,0,0,0,0,0,0,0,0,0,0,0,0,0,0,0,25,25,1.0,1.0,0.0,0.0,1.0,0.0,0.0,25,25,1.0,0.0,0.0,0.0,1.0,1.0,0.0,0.0
0.18546199798583984,tcp,53,S0,329,305,0,0,0,0,0,0,0,0,0,0,0,0,0,0,0,0,26,26,1.0,1.0,0.0,0.0,1.0,0.0,0.0,26,26,1.0,0.0,0.0,0.0,1.0,1.0,0.0,0.0
0.1836550235748291,tcp,53,S0,329,339,0,0,0,0,0,0,0,0,0,0,0,0,0,0,0,0,27,27,1.0,1.0,0.0,0.0,1.0,0.0,0.0,27,27,1.0,0.0,0.0,0.0,1.0,1.0,0.0,0.0
0.6542718410491943,tcp,443,REJ,1594,7286,0,0,0,0,0,0,0,0,0,0,0,0,0,0,0,0,2,2,0.0,0.0,1.0,1.0,1.0,0.0,0.0,2,2,1.0,0.0,0.0,0.0,0.0,0.0,1.0,1.0
5.328774929046631,udp,53,SF,140,184,0,0,0,0,0,0,0,0,0,0,0,0,0,0,0,0,28,28,0.0,0.0,0.0,0.0,1.0,0.0,0.0,28,28,1.0,0.0,0.0,0.0,0.0,0.0,0.0,0.0
0.13344693183898926,udp,60020,SF,131,327,0,0,0,0,0,0,0,0,0,0,0,0,0,0,0,0,0,0,0.0,0.0,0.0,0.0,0.0,0.0,0.0,0,0,0.0,0.0,0.0,0.0,0.0,0.0,0.0,0.0
0.06758999824523926,tcp,443,OTH,80,40,0,0,0,0,0,0,0,0,0,0,0,0,0,0,0,0,0,0,0.0,0.0,0.0,0.0,0.0,0.0,0.0,0,0,0.0,0.0,0.0,0.0,0.0,0.0,0.0,0.0
0.7722208499908447,tcp,443,REJ,1523,1236,0,0,0,0,0,0,0,0,0,0,0,0,0,0,0,0,3,3,0.0,0.0,1.0,1.0,1.0,0.0,0.0,3,3,1.0,0.0,0.0,0.0,0.0,0.0,1.0,1.0
0.1823258399963379,tcp,53,S0,332,350,0,0,0,0,0,0,0,0,0,0,0,0,0,0,0,0,29,29,1.0,1.0,0.0,0.0,1.0,0.0,0.0,29,29,1.0,0.0,0.0,0.0,1.0,1.0,0.0,0.0
0.18222999572753906,tcp,53,S0,332,338,0,0,0,0,0,0,0,0,0,0,0,0,0,0,0,0,30,30,1.0,1.0,0.0,0.0,1.0,0.0,0.0,30,30,1.0,0.0,0.0,0.0,1.0,1.0,0.0,0.0
0.18208003044128418,tcp,53,S0,332,379,0,0,0,0,0,0,0,0,0,0,0,0,0,0,0,0,31,31,1.0,1.0,0.0,0.0,1.0,0.0,0.0,31,31,1.0,0.0,0.0,0.0,1.0,1.0,0.0,0.0
0.5917630195617676,tcp,443,REJ,1594,7366,0,0,0,0,0,0,0,0,0,0,0,0,0,0,0,0,4,4,0.0,0.0,1.0,1.0,1.0,0.0,0.0,4,4,1.0,0.0,0.0,0.0,0.0,0.0,1.0,1.0
0.6634719371795654,tcp,443,REJ,1643,7350,0,0,0,0,0,0,0,0,0,0,0,0,0,0,0,0,5,5,0.0,0.0,1.0,1.0,1.0,0.0,0.0,5,5,1.0,0.0,0.0,0.0,0.0,0.0,1.0,1.0
0.8393640518188477,tcp,443,REJ,1634,7366,0,0,0,0,0,0,0,0,0,0,0,0,0,0,0,0,6,6,0.0,0.0,1.0,1.0,1.0,0.0,0.0,6,6,1.0,0.0,0.0,0.0,0.0,0.0,1.0,1.0
0.779749870300293,udp,5353,SF,1209,0,0,0,0,0,0,0,0,0,0,0,0,0,0,0,0,0,3,3,0.0,0.0,0.0,0.0,1.0,0.0,0.0,3,3,1.0,0.0,0.0,0.0,0.0,0.0,0.0,0.0
0.16477608680725098,udp,7558,SF,131,327,0,0,0,0,0,0,0,0,0,0,0,0,0,0,0,0,0,0,0.0,0.0,0.0,0.0,0.0,0.0,0.0,0,0,0.0,0.0,0.0,0.0,0.0,0.0,0.0,0.0
0.3552830219268799,udp,6722,SF,131,296,0,0,0,0,0,0,0,0,0,0,0,0,0,0,0,0,0,0,0.0,0.0,0.0,0.0,0.0,0.0,0.0,0,0,0.0,0.0,0.0,0.0,0.0,0.0,0.0,0.0
0.7394630908966064,tcp,443,REJ,1563,7286,0,0,0,0,0,0,0,0,0,0,0,0,0,0,0,0,7,7,0.0,0.0,1.0,1.0,1.0,0.0,0.0,7,7,1.0,0.0,0.0,0.0,0.0,0.0,1.0,1.0
0.2877390384674072,udp,61739,SF,131,327,0,0,0,0,0,0,0,0,0,0,0,0,0,0,0,0,0,0,0.0,0.0,0.0,0.0,0.0,0.0,0.0,0,0,0.0,0.0,0.0,0.0,0.0,0.0,0.0,0.0
0.7786600589752197,tcp,443,REJ,1594,7270,0,0,0,0,0,0,0,0,0,0,0,0,0,0,0,0,8,8,0.0,0.0,1.0,1.0,1.0,0.0,0.0,8,8,1.0,0.0,0.0,0.0,0.0,0.0,1.0,1.0
0.6345760822296143,tcp,443,REJ,1523,1220,0,0,0,0,0,0,0,0,0,0,0,0,0,0,0,0,9,9,0.0,0.0,1.0,1.0,1.0,0.0,0.0,9,9,1.0,0.0,0.0,0.0,0.0,0.0,1.0,1.0
0.35167598724365234,tcp,55836,OTH,184,120,0,0,0,0,0,0,0,0,0,0,0,0,0,0,0,0,1,0,0.0,0.0,0.0,0.0,0.0,1.0,0.0,1,0,0.0,1.0,0.0,0.0,0.0,0.0,0.0,0.0
0.30685997009277344,udp,23103,SF,131,317,0,0,0,0,0,0,0,0,0,0,0,0,0,0,0,0,0,0,0.0,0.0,0.0,0.0,0.0,0.0,0.0,0,0,0.0,0.0,0.0,0.0,0.0,0.0,0.0,0.0
0.1557619571685791,udp,7516,SF,131,327,0,0,0,0,0,0,0,0,0,0,0,0,0,0,0,0,0,0,0.0,0.0,0.0,0.0,0.0,0.0,0.0,0,0,0.0,0.0,0.0,0.0,0.0,0.0,0.0,0.0
0.14881181716918945,udp,32890,SF,131,327,0,0,0,0,0,0,0,0,0,0,0,0,0,0,0,0,0,0,0.0,0.0,0.0,0.0,0.0,0.0,0.0,0,0,0.0,0.0,0.0,0.0,0.0,0.0,0.0,0.0
0.18662095069885254,udp,7824,SF,131,327,0,0,0,0,0,0,0,0,0,0,0,0,0,0,0,0,0,0,0.0,0.0,0.0,0.0,0.0,0.0,0.0,0,0,0.0,0.0,0.0,0.0,0.0,0.0,0.0,0.0
0.35930895805358887,udp,60265,SF,131,317,0,0,0,0,0,0,0,0,0,0,0,0,0,0,0,0,0,0,0.0,0.0,0.0,0.0,0.0,0.0,0.0,0,0,0.0,0.0,0.0,0.0,0.0,0.0,0.0,0.0
0.0514531135559082,udp,5353,SF,328,0,0,0,0,0,0,0,0,0,0,0,0,0,0,0,0,0,4,4,0.0,0.0,0.0,0.0,1.0,0.0,0.0,4,4,1.0,0.0,0.0,0.0,0.0,0.0,0.0,0.0
0.33194804191589355,tcp,443,OTH,80,40,0,0,0,0,0,0,0,0,0,0,0,0,0,0,0,0,0,0,0.0,0.0,0.0,0.0,0.0,0.0,0.0,0,0,0.0,0.0,0.0,0.0,0.0,0.0,0.0,0.0
0.0,icmp,urp_i,SF,159,0,0,0,0,0,0,0,0,0,0,0,0,0,0,0,0,0,2,0,0.0,0.0,0.0,0.0,0.0,1.0,0.0,2,0,0.0,1.0,0.0,0.0,0.0,0.0,0.0,0.0
32.916542053222656,tcp,53,REJ,296,324,0,0,0,0,0,0,0,0,0,0,0,0,0,0,0,0,32,32,0.0,0.0,1.0,1.0,1.0,0.0,0.0,32,32,1.0,0.0,0.0,0.0,0.0,0.0,1.0,1.0
32.916747093200684,tcp,53,REJ,296,312,0,0,0,0,0,0,0,0,0,0,0,0,0,0,0,0,33,33,0.0,0.0,1.0,1.0,1.0,0.0,0.0,33,33,1.0,0.0,0.0,0.0,0.0,0.0,1.0,1.0
32.91626596450806,tcp,53,REJ,296,375,0,0,0,0,0,0,0,0,0,0,0,0,0,0,0,0,34,34,0.0,0.0,1.0,1.0,1.0,0.0,0.0,34,34,1.0,0.0,0.0,0.0,0.0,0.0,1.0,1.0
32.9246609210968,tcp,53,REJ,296,324,0,0,0,0,0,0,0,0,0,0,0,0,0,0,0,0,35,35,0.0,0.0,1.0,1.0,1.0,0.0,0.0,35,35,1.0,0.0,0.0,0.0,0.0,0.0,1.0,1.0
23.73682999610901,tcp,53,REJ,296,324,0,0,0,0,0,0,0,0,0,0,0,0,0,0,0,0,36,36,0.0,0.0,1.0,1.0,1.0,0.0,0.0,36,36,1.0,0.0,0.0,0.0,0.0,0.0,1.0,1.0
0.0,udp,6881,SF,131,0,0,0,0,0,0,0,0,0,0,0,0,0,0,0,0,0,0,0,0.0,0.0,0.0,0.0,0.0,0.0,0.0,0,0,0.0,0.0,0.0,0.0,0.0,0.0,0.0,0.0
33.0237820148468,tcp,53,REJ,296,312,0,0,0,0,0,0,0,0,0,0,0,0,0,0,0,0,37,37,0.0,0.0,1.0,1.0,1.0,0.0,0.0,37,37,1.0,0.0,0.0,0.0,0.0,0.0,1.0,1.0
33.05671691894531,tcp,53,REJ,296,375,0,0,0,0,0,0,0,0,0,0,0,0,0,0,0,0,38,38,0.0,0.0,1.0,1.0,1.0,0.0,0.0,38,38,1.0,0.0,0.0,0.0,0.0,0.0,1.0,1.0
90.97764015197754,tcp,60749,REJ,277,162,0,0,0,0,0,0,0,0,0,0,0,0,0,0,0,0,3,0,0.0,0.0,1.0,1.0,0.0,1.0,0.0,3,0,0.0,1.0,0.0,0.0,0.0,0.0,1.0,1.0
33.24488282203674,tcp,53,REJ,296,324,0,0,0,0,0,0,0,0,0,0,0,0,0,0,0,0,39,39,0.0,0.0,1.0,1.0,1.0,0.0,0.0,39,39,1.0,0.0,0.0,0.0,0.0,0.0,1.0,1.0
33.244361877441406,tcp,53,REJ,296,312,0,0,0,0,0,0,0,0,0,0,0,0,0,0,0,0,40,40,0.0,0.0,1.0,1.0,1.0,0.0,0.0,40,40,1.0,0.0,0.0,0.0,0.0,0.0,1.0,1.0
33.24427008628845,tcp,53,REJ,296,346,0,0,0,0,0,0,0,0,0,0,0,0,0,0,0,0,41,41,0.0,0.0,1.0,1.0,1.0,0.0,0.0,41,41,1.0,0.0,0.0,0.0,0.0,0.0,1.0,1.0
0.1331651210784912,udp,53,SF,67,242,0,0,0,0,0,0,0,0,0,0,0,0,0,0,0,0,42,42,0.0,0.0,0.0,0.0,1.0,0.0,0.0,42,42,1.0,0.0,0.0,0.0,0.0,0.0,0.0,0.0
0.13283014297485352,udp,53,SF,67,230,0,0,0,0,0,0,0,0,0,0,0,0,0,0,0,0,43,43,0.0,0.0,0.0,0.0,1.0,0.0,0.0,43,43,1.0,0.0,0.0,0.0,0.0,0.0,0.0,0.0
0.13253211975097656,udp,53,SF,67,271,0,0,0,0,0,0,0,0,0,0,0,0,0,0,0,0,43,43,0.0,0.0,0.0,0.0,1.0,0.0,0.0,43,43,1.0,0.0,0.0,0.0,0.0,0.0,0.0,0.0
32.20519304275513,tcp,53,REJ,296,312,0,0,0,0,0,0,0,0,0,0,0,0,0,0,0,0,43,43,0.0,0.0,1.0,1.0,1.0,0.0,0.0,43,43,1.0,0.0,0.0,0.0,0.0,0.0,1.0,1.0
32.20501399040222,tcp,53,REJ,296,346,0,0,0,0,0,0,0,0,0,0,0,0,0,0,0,0,43,43,0.0,0.0,1.0,1.0,1.0,0.0,0.0,43,43,1.0,0.0,0.0,0.0,0.0,0.0,1.0,1.0
0.5726940631866455,tcp,57538,REJ,343,223,0,0,0,0,0,0,0,0,0,0,0,0,0,0,0,0,4,0,0.0,0.0,1.0,1.0,0.0,1.0,0.0,4,0,0.0,1.0,0.0,0.0,0.0,0.0,1.0,1.0
0.0,udp,51413,SF,131,0,0,0,0,0,0,0,0,0,0,0,0,0,0,0,0,0,0,0,0.0,0.0,0.0,0.0,0.0,0.0,0.0,0,0,0.0,0.0,0.0,0.0,0.0,0.0,0.0,0.0
8.229918003082275,udp,53,SF,132,367,0,0,0,0,0,0,0,0,0,0,0,0,0,0,0,0,43,43,0.0,0.0,0.0,0.0,1.0,0.0,0.0,43,43,1.0,0.0,0.0,0.0,0.0,0.0,0.0,0.0
8.22956109046936,udp,53,SF,132,432,0,0,0,0,0,0,0,0,0,0,0,0,0,0,0,0,44,44,0.0,0.0,0.0,0.0,1.0,0.0,0.0,44,44,1.0,0.0,0.0,0.0,0.0,0.0,0.0,0.0
0.04333209991455078,udp,53,SF,64,188,0,0,0,0,0,0,0,0,0,0,0,0,0,0,0,0,45,45,0.0,0.0,0.0,0.0,1.0,0.0,0.0,45,45,1.0,0.0,0.0,0.0,0.0,0.0,0.0,0.0
0.04915499687194824,udp,53,SF,64,164,0,0,0,0,0,0,0,0,0,0,0,0,0,0,0,0,46,46,0.0,0.0,0.0,0.0,1.0,0.0,0.0,46,46,1.0,0.0,0.0,0.0,0.0,0.0,0.0,0.0
0.04821515083312988,udp,53,SF,64,179,0,0,0,0,0,0,0,0,0,0,0,0,0,0,0,0,47,47,0.0,0.0,0.0,0.0,1.0,0.0,0.0,47,47,1.0,0.0,0.0,0.0,0.0,0.0,0.0,0.0
0.3640110492706299,udp,6881,SF,131,305,0,0,0,0,0,0,0,0,0,0,0,0,0,0,0,0,0,0,0.0,0.0,0.0,0.0,0.0,0.0,0.0,0,0,0.0,0.0,0.0,0.0,0.0,0.0,0.0,0.0
0.0,udp,53,SF,82,0,0,0,0,0,0,0,0,0,0,0,0,0,0,0,0,0,48,48,0.0,0.0,0.0,0.0,1.0,0.0,0.0,48,48,1.0,0.0,0.0,0.0,0.0,0.0,0.0,0.0
0.023153066635131836,udp,53,SF,82,209,0,0,0,0,0,0,0,0,0,0,0,0,0,0,0,0,48,48,0.0,0.0,0.0,0.0,1.0,0.0,0.0,48,48,1.0,0.0,0.0,0.0,0.0,0.0,0.0,0.0
0.0370330810546875,udp,53,SF,82,257,0,0,0,0,0,0,0,0,0,0,0,0,0,0,0,0,48,48,0.0,0.0,0.0,0.0,1.0,0.0,0.0,48,48,1.0,0.0,0.0,0.0,0.0,0.0,0.0,0.0
0.0,udp,51413,SF,131,0,0,0,0,0,0,0,0,0,0,0,0,0,0,0,0,0,1,1,0.0,0.0,0.0,0.0,1.0,0.0,0.0,1,1,1.0,0.0,0.0,0.0,0.0,0.0,0.0,0.0
1.2204649448394775,udp,53,SF,290,957,0,0,0,0,0,0,0,0,0,0,0,0,0,0,0,0,49,49,0.0,0.0,0.0,0.0,1.0,0.0,0.0,49,49,1.0,0.0,0.0,0.0,0.0,0.0,0.0,0.0
0.40587306022644043,udp,53,SF,147,323,0,0,0,0,0,0,0,0,0,0,0,0,0,0,0,0,49,49,0.0,0.0,0.0,0.0,1.0,0.0,0.0,49,49,1.0,0.0,0.0,0.0,0.0,0.0,0.0,0.0
0.0,udp,53,SF,63,0,0,0,0,0,0,0,0,0,0,0,0,0,0,0,0,0,49,49,0.0,0.0,0.0,0.0,1.0,0.0,0.0,49,49,1.0,0.0,0.0,0.0,0.0,0.0,0.0,0.0
0.3174021244049072,udp,53,SF,80,267,0,0,0,0,0,0,0,0,0,0,0,0,0,0,0,0,49,49,0.0,0.0,0.0,0.0,1.0,0.0,0.0,49,49,1.0,0.0,0.0,0.0,0.0,0.0,0.0,0.0
0.13402009010314941,udp,53,SF,202,977,0,0,0,0,0,0,0,0,0,0,0,0,0,0,0,0,49,49,0.0,0.0,0.0,0.0,1.0,0.0,0.0,49,49,1.0,0.0,0.0,0.0,0.0,0.0,0.0,0.0
0.1323258876800537,udp,53,SF,202,681,0,0,0,0,0,0,0,0,0,0,0,0,0,0,0,0,50,50,0.0,0.0,0.0,0.0,1.0,0.0,0.0,50,50,1.0,0.0,0.0,0.0,0.0,0.0,0.0,0.0
122.17218208312988,tcp,63522,REJ,1438,303,0,0,0,0,0,0,0,0,0,0,0,0,0,0,0,0,5,0,0.0,0.0,1.0,1.0,0.0,1.0,0.0,5,0,0.0,1.0,0.0,0.0,0.0,0.0,1.0,1.0
0.03741192817687988,udp,53,SF,65,247,0,0,0,0,0,0,0,0,0,0,0,0,0,0,0,0,50,50,0.0,0.0,0.0,0.0,1.0,0.0,0.0,50,50,1.0,0.0,0.0,0.0,0.0,0.0,0.0,0.0
0.03803110122680664,udp,53,SF,65,235,0,0,0,0,0,0,0,0,0,0,0,0,0,0,0,0,51,51,0.0,0.0,0.0,0.0,1.0,0.0,0.0,51,51,1.0,0.0,0.0,0.0,0.0,0.0,0.0,0.0
0.03792119026184082,udp,53,SF,65,265,0,0,0,0,0,0,0,0,0,0,0,0,0,0,0,0,52,52,0.0,0.0,0.0,0.0,1.0,0.0,0.0,52,52,1.0,0.0,0.0,0.0,0.0,0.0,0.0,0.0
0.500532865524292,udp,39315,SF,131,296,0,0,0,0,0,0,0,0,0,0,0,0,0,0,0,0,0,0,0.0,0.0,0.0,0.0,0.0,0.0,0.0,0,0,0.0,0.0,0.0,0.0,0.0,0.0,0.0,0.0
0.17585992813110352,udp,53,SF,59,308,0,0,0,0,0,0,0,0,0,0,0,0,0,0,0,0,0,0,0.0,0.0,0.0,0.0,0.0,0.0,0.0,0,0,0.0,0.0,0.0,0.0,0.0,0.0,0.0,0.0
0.19476318359375,udp,53,SF,59,206,0,0,0,0,0,0,0,0,0,0,0,0,0,0,0,0,1,1,0.0,0.0,0.0,0.0,1.0,0.0,0.0,1,1,1.0,0.0,0.0,0.0,0.0,0.0,0.0,0.0
0.0969388484954834,udp,5353,SF,328,0,0,0,0,0,0,0,0,0,0,0,0,0,0,0,0,0,0,0,0.0,0.0,0.0,0.0,0.0,0.0,0.0,0,0,0.0,0.0,0.0,0.0,0.0,0.0,0.0,0.0
0.5266790390014648,udp,61594,SF,131,327,0,0,0,0,0,0,0,0,0,0,0,0,0,0,0,0,0,0,0.0,0.0,0.0,0.0,0.0,0.0,0.0,0,0,0.0,0.0,0.0,0.0,0.0,0.0,0.0,0.0
12.023461818695068,udp,53,SF,198,480,0,0,0,0,0,0,0,0,0,0,0,0,0,0,0,0,2,2,0.0,0.0,0.0,0.0,1.0,0.0,0.0,2,2,1.0,0.0,0.0,0.0,0.0,0.0,0.0,0.0
10.861430883407593,udp,53,SF,128,262,0,0,0,0,0,0,0,0,0,0,0,0,0,0,0,0,3,3,0.0,0.0,0.0,0.0,1.0,0.0,0.0,3,3,1.0,0.0,0.0,0.0,0.0,0.0,0.0,0.0
0.16409802436828613,udp,33047,SF,131,327,0,0,0,0,0,0,0,0,0,0,0,0,0,0,0,0,0,0,0.0,0.0,0.0,0.0,0.0,0.0,0.0,0,0,0.0,0.0,0.0,0.0,0.0,0.0,0.0,0.0
0.3284890651702881,udp,6889,SF,131,317,0,0,0,0,0,0,0,0,0,0,0,0,0,0,0,0,0,0,0.0,0.0,0.0,0.0,0.0,0.0,0.0,0,0,0.0,0.0,0.0,0.0,0.0,0.0,0.0,0.0
0.33231401443481445,udp,6881,SF,131,296,0,0,0,0,0,0,0,0,0,0,0,0,0,0,0,0,0,0,0.0,0.0,0.0,0.0,0.0,0.0,0.0,0,0,0.0,0.0,0.0,0.0,0.0,0.0,0.0,0.0
0.5774519443511963,udp,28011,SF,131,305,0,0,0,0,0,0,0,0,0,0,0,0,0,0,0,0,0,0,0.0,0.0,0.0,0.0,0.0,0.0,0.0,0,0,0.0,0.0,0.0,0.0,0.0,0.0,0.0,0.0
0.2974531650543213,udp,41160,SF,131,327,0,0,0,0,0,0,0,0,0,0,0,0,0,0,0,0,0,0,0.0,0.0,0.0,0.0,0.0,0.0,0.0,0,0,0.0,0.0,0.0,0.0,0.0,0.0,0.0,0.0
0.015768051147460938,udp,67,SF,328,338,0,0,0,0,0,0,0,0,0,0,0,0,0,0,0,0,4,0,0.0,0.0,0.0,0.0,0.0,1.0,0.0,4,0,0.0,1.0,0.0,0.0,0.0,0.0,0.0,0.0
0.4215681552886963,udp,5355,SF,102,0,0,0,0,0,0,0,0,0,0,0,0,0,0,0,0,0,0,0,0.0,0.0,0.0,0.0,0.0,0.0,0.0,0,0,0.0,0.0,0.0,0.0,0.0,0.0,0.0,0.0
0.05106401443481445,udp,53,SF,64,188,0,0,0,0,0,0,0,0,0,0,0,0,0,0,0,0,5,4,0.0,0.0,0.0,0.0,0.8,0.2,0.0,5,4,0.8,0.2,0.0,0.0,0.0,0.0,0.0,0.0
0.07416820526123047,udp,53,SF,64,164,0,0,0,0,0,0,0,0,0,0,0,0,0,0,0,0,6,5,0.0,0.0,0.0,0.0,0.8333333333333334,0.16666666666666666,0.0,6,5,0.8333333333333334,0.16666666666666666,0.0,0.0,0.0,0.0,0.0,0.0
0.07404017448425293,udp,53,SF,64,179,0,0,0,0,0,0,0,0,0,0,0,0,0,0,0,0,7,6,0.0,0.0,0.0,0.0,0.8571428571428571,0.14285714285714285,0.0,7,6,0.8571428571428571,0.14285714285714285,0.0,0.0,0.0,0.0,0.0,0.0
0.05325913429260254,udp,53,SF,58,319,0,0,0,0,0,0,0,0,0,0,0,0,0,0,0,0,8,7,0.0,0.0,0.0,0.0,0.875,0.125,0.0,8,7,0.875,0.125,0.0,0.0,0.0,0.0,0.0,0.0
0.05200910568237305,udp,53,SF,58,323,0,0,0,0,0,0,0,0,0,0,0,0,0,0,0,0,9,8,0.0,0.0,0.0,0.0,0.8888888888888888,0.1111111111111111,0.0,9,8,0.8888888888888888,0.1111111111111111,0.0,0.0,0.0,0.0,0.0,0.0
0.05379199981689453,udp,53,SF,58,240,0,0,0,0,0,0,0,0,0,0,0,0,0,0,0,0,10,9,0.0,0.0,0.0,0.0,0.9,0.1,0.0,10,9,0.9,0.1,0.0,0.0,0.0,0.0,0.0,0.0
0.2123730182647705,udp,17391,SF,131,296,0,0,0,0,0,0,0,0,0,0,0,0,0,0,0,0,0,0,0.0,0.0,0.0,0.0,0.0,0.0,0.0,0,0,0.0,0.0,0.0,0.0,0.0,0.0,0.0,0.0
0.14614009857177734,udp,32730,SF,131,327,0,0,0,0,0,0,0,0,0,0,0,0,0,0,0,0,0,0,0.0,0.0,0.0,0.0,0.0,0.0,0.0,0,0,0.0,0.0,0.0,0.0,0.0,0.0,0.0,0.0
0.6184160709381104,udp,52272,SF,131,327,0,0,0,0,0,0,0,0,0,0,0,0,0,0,0,0,0,0,0.0,0.0,0.0,0.0,0.0,0.0,0.0,0,0,0.0,0.0,0.0,0.0,0.0,0.0,0.0,0.0
0.1623530387878418,udp,32781,SF,131,327,0,0,0,0,0,0,0,0,0,0,0,0,0,0,0,0,0,0,0.0,0.0,0.0,0.0,0.0,0.0,0.0,0,0,0.0,0.0,0.0,0.0,0.0,0.0,0.0,0.0
0.33855390548706055,udp,49001,SF,131,317,0,0,0,0,0,0,0,0,0,0,0,0,0,0,0,0,0,0,0.0,0.0,0.0,0.0,0.0,0.0,0.0,0,0,0.0,0.0,0.0,0.0,0.0,0.0,0.0,0.0
0.40616822242736816,udp,22223,SF,131,296,0,0,0,0,0,0,0,0,0,0,0,0,0,0,0,0,0,0,0.0,0.0,0.0,0.0,0.0,0.0,0.0,0,0,0.0,0.0,0.0,0.0,0.0,0.0,0.0,0.0
0.2609560489654541,udp,39071,SF,131,317,0,0,0,0,0,0,0,0,0,0,0,0,0,0,0,0,0,0,0.0,0.0,0.0,0.0,0.0,0.0,0.0,0,0,0.0,0.0,0.0,0.0,0.0,0.0,0.0,0.0
0.22991394996643066,udp,7629,SF,131,327,0,0,0,0,0,0,0,0,0,0,0,0,0,0,0,0,0,0,0.0,0.0,0.0,0.0,0.0,0.0,0.0,0,0,0.0,0.0,0.0,0.0,0.0,0.0,0.0,0.0
0.7942090034484863,udp,5353,SF,1209,0,0,0,0,0,0,0,0,0,0,0,0,0,0,0,0,0,1,1,0.0,0.0,0.0,0.0,1.0,0.0,0.0,1,1,1.0,0.0,0.0,0.0,0.0,0.0,0.0,0.0
0.30460405349731445,udp,44235,SF,131,327,0,0,0,0,0,0,0,0,0,0,0,0,0,0,0,0,0,0,0.0,0.0,0.0,0.0,0.0,0.0,0.0,0,0,0.0,0.0,0.0,0.0,0.0,0.0,0.0,0.0
0.31967902183532715,tcp,59182,REJ,308,80,0,0,0,0,0,0,0,0,0,0,0,0,0,0,0,0,0,0,0.0,0.0,1.0,1.0,0.0,0.0,0.0,0,0,0.0,0.0,0.0,0.0,0.0,0.0,1.0,1.0
0.32738280296325684,tcp,59178,OTH,237,80,0,0,0,0,0,0,0,0,0,0,0,0,0,0,0,0,1,0,0.0,0.0,0.0,0.0,0.0,1.0,0.0,1,0,0.0,1.0,0.0,0.0,0.0,0.0,0.0,0.0
0.3164091110229492,tcp,443,OTH,80,40,0,0,0,0,0,0,0,0,0,0,0,0,0,0,0,0,0,0,0.0,0.0,0.0,0.0,0.0,0.0,0.0,0,0,0.0,0.0,0.0,0.0,0.0,0.0,0.0,0.0
1.1800000667572021,udp,32671,SF,131,327,0,0,0,0,0,0,0,0,0,0,0,0,0,0,0,0,0,0,0.0,0.0,0.0,0.0,0.0,0.0,0.0,0,0,0.0,0.0,0.0,0.0,0.0,0.0,0.0,0.0
0.3172152042388916,udp,57772,SF,131,296,0,0,0,0,0,0,0,0,0,0,0,0,0,0,0,0,0,0,0.0,0.0,0.0,0.0,0.0,0.0,0.0,0,0,0.0,0.0,0.0,0.0,0.0,0.0,0.0,0.0
0.09480404853820801,udp,5353,SF,328,0,0,0,0,0,0,0,0,0,0,0,0,0,0,0,0,0,2,2,0.0,0.0,0.0,0.0,1.0,0.0,0.0,2,2,1.0,0.0,0.0,0.0,0.0,0.0,0.0,0.0
0.48273682594299316,tcp,53,REJ,295,586,0,0,0,0,0,0,0,0,0,0,0,0,0,0,0,0,11,10,0.0,0.0,1.0,1.0,0.9090909090909091,0.09090909090909091,0.0,11,10,0.9090909090909091,0.09090909090909091,0.0,0.0,0.0,0.0,1.0,1.0
0.48073911666870117,tcp,53,REJ,295,404,0,0,0,0,0,0,0,0,0,0,0,0,0,0,0,0,12,11,0.0,0.0,1.0,1.0,0.9166666666666666,0.08333333333333333,0.0,12,11,0.9166666666666666,0.08333333333333333,0.0,0.0,0.0,0.0,1.0,1.0
0.36568713188171387,tcp,80,S0,382,2682,0,0,0,0,0,0,0,0,0,0,0,0,0,0,0,0,0,0,1.0,1.0,0.0,0.0,0.0,0.0,0.0,0,0,0.0,0.0,0.0,0.0,1.0,1.0,0.0,0.0
0.6477911472320557,tcp,443,REJ,1514,1180,0,0,0,0,0,0,0,0,0,0,0,0,0,0,0,0,0,0,0.0,0.0,1.0,1.0,0.0,0.0,0.0,0,0,0.0,0.0,0.0,0.0,0.0,0.0,1.0,1.0
0.37573695182800293,udp,28004,SF,131,305,0,0,0,0,0,0,0,0,0,0,0,0,0,0,0,0,0,0,0.0,0.0,0.0,0.0,0.0,0.0,0.0,0,0,0.0,0.0,0.0,0.0,0.0,0.0,0.0,0.0
0.35337400436401367,udp,55112,SF,131,296,0,0,0,0,0,0,0,0,0,0,0,0,0,0,0,0,0,0,0.0,0.0,0.0,0.0,0.0,0.0,0.0,0,0,0.0,0.0,0.0,0.0,0.0,0.0,0.0,0.0
0.33007097244262695,udp,47824,SF,131,317,0,0,0,0,0,0,0,0,0,0,0,0,0,0,0,0,0,0,0.0,0.0,0.0,0.0,0.0,0.0,0.0,0,0,0.0,0.0,0.0,0.0,0.0,0.0,0.0,0.0
0.534311056137085,udp,9000,SF,131,327,0,0,0,0,0,0,0,0,0,0,0,0,0,0,0,0,0,0,0.0,0.0,0.0,0.0,0.0,0.0,0.0,0,0,0.0,0.0,0.0,0.0,0.0,0.0,0.0,0.0
33.16942095756531,tcp,443,S0,104,416,0,0,0,0,0,0,0,0,0,0,0,0,0,0,0,0,0,0,1.0,1.0,0.0,0.0,0.0,0.0,0.0,0,0,0.0,0.0,0.0,0.0,1.0,1.0,0.0,0.0
32.67997097969055,tcp,443,S0,52,312,0,0,0,0,0,0,0,0,0,0,0,0,0,0,0,0,1,1,1.0,1.0,0.0,0.0,1.0,0.0,0.0,1,1,1.0,0.0,0.0,0.0,1.0,1.0,0.0,0.0
0.3538939952850342,udp,64000,SF,131,327,0,0,0,0,0,0,0,0,0,0,0,0,0,0,0,0,0,0,0.0,0.0,0.0,0.0,0.0,0.0,0.0,0,0,0.0,0.0,0.0,0.0,0.0,0.0,0.0,0.0
0.05904698371887207,tcp,80,OTH,80,40,0,0,0,0,0,0,0,0,0,0,0,0,0,0,0,0,0,0,0.0,0.0,0.0,0.0,0.0,0.0,0.0,0,0,0.0,0.0,0.0,0.0,0.0,0.0,0.0,0.0
0.2921109199523926,udp,6881,SF,131,315,0,0,0,0,0,0,0,0,0,0,0,0,0,0,0,0,0,0,0.0,0.0,0.0,0.0,0.0,0.0,0.0,0,0,0.0,0.0,0.0,0.0,0.0,0.0,0.0,0.0
33.886396169662476,tcp,443,REJ,41,92,0,0,0,0,0,0,0,0,0,0,0,0,0,0,0,0,0,0,0.0,0.0,1.0,1.0,0.0,0.0,0.0,0,0,0.0,0.0,0.0,0.0,0.0,0.0,1.0,1.0
0.3421170711517334,udp,38371,SF,131,327,0,0,0,0,0,0,0,0,0,0,0,0,0,0,0,0,0,0,0.0,0.0,0.0,0.0,0.0,0.0,0.0,0,0,0.0,0.0,0.0,0.0,0.0,0.0,0.0,0.0
39.262600898742676,tcp,443,REJ,41,92,0,0,0,0,0,0,0,0,0,0,0,0,0,0,0,0,1,1,0.0,0.0,1.0,1.0,1.0,0.0,0.0,1,1,1.0,0.0,0.0,0.0,0.0,0.0,1.0,1.0
0.15938401222229004,udp,60234,SF,131,317,0,0,0,0,0,0,0,0,0,0,0,0,0,0,0,0,0,0,0.0,0.0,0.0,0.0,0.0,0.0,0.0,0,0,0.0,0.0,0.0,0.0,0.0,0.0,0.0,0.0
0.05553102493286133,tcp,55073,OTH,144,80,0,0,0,0,0,0,0,0,0,0,0,0,0,0,0,0,2,0,0.0,0.0,0.0,0.0,0.0,1.0,0.0,2,0,0.0,1.0,0.0,0.0,0.0,0.0,0.0,0.0
0.0,udp,6886,SF,131,0,0,0,0,0,0,0,0,0,0,0,0,0,0,0,0,0,0,0,0.0,0.0,0.0,0.0,0.0,0.0,0.0,0,0,0.0,0.0,0.0,0.0,0.0,0.0,0.0,0.0
61.01925492286682,tcp,443,OTH,1940,998,0,0,0,0,0,0,0,0,0,0,0,0,0,0,0,0,0,0,0.0,0.0,0.0,0.0,0.0,0.0,0.0,0,0,0.0,0.0,0.0,0.0,0.0,0.0,0.0,0.0
76.34350919723511,tcp,443,REJ,232,312,0,0,0,0,0,0,0,0,0,0,0,0,0,0,0,0,0,0,0.0,0.0,1.0,1.0,0.0,0.0,0.0,0,0,0.0,0.0,0.0,0.0,0.0,0.0,1.0,1.0
0.38005495071411133,udp,28010,SF,131,305,0,0,0,0,0,0,0,0,0,0,0,0,0,0,0,0,0,0,0.0,0.0,0.0,0.0,0.0,0.0,0.0,0,0,0.0,0.0,0.0,0.0,0.0,0.0,0.0,0.0
0.31175804138183594,udp,6881,SF,131,317,0,0,0,0,0,0,0,0,0,0,0,0,0,0,0,0,0,0,0.0,0.0,0.0,0.0,0.0,0.0,0.0,0,0,0.0,0.0,0.0,0.0,0.0,0.0,0.0,0.0
65.22077989578247,tcp,443,S0,4058,11495,0,0,0,0,0,0,0,0,0,0,0,0,0,0,0,0,0,0,1.0,1.0,0.0,0.0,0.0,0.0,0.0,0,0,0.0,0.0,0.0,0.0,1.0,1.0,0.0,0.0
0.3671431541442871,udp,50171,SF,131,327,0,0,0,0,0,0,0,0,0,0,0,0,0,0,0,0,0,0,0.0,0.0,0.0,0.0,0.0,0.0,0.0,0,0,0.0,0.0,0.0,0.0,0.0,0.0,0.0,0.0
0.5294308662414551,tcp,60727,REJ,343,223,0,0,0,0,0,0,0,0,0,0,0,0,0,0,0,0,3,0,0.0,0.0,1.0,1.0,0.0,1.0,0.0,3,0,0.0,1.0,0.0,0.0,0.0,0.0,1.0,1.0
0.24960613250732422,udp,6881,SF,131,317,0,0,0,0,0,0,0,0,0,0,0,0,0,0,0,0,0,0,0.0,0.0,0.0,0.0,0.0,0.0,0.0,0,0,0.0,0.0,0.0,0.0,0.0,0.0,0.0,0.0
0.3502519130706787,tcp,443,OTH,80,40,0,0,0,0,0,0,0,0,0,0,0,0,0,0,0,0,0,0,0.0,0.0,0.0,0.0,0.0,0.0,0.0,0,0,0.0,0.0,0.0,0.0,0.0,0.0,0.0,0.0
0.08652710914611816,udp,5353,SF,328,0,0,0,0,0,0,0,0,0,0,0,0,0,0,0,0,0,3,3,0.0,0.0,0.0,0.0,1.0,0.0,0.0,3,3,1.0,0.0,0.0,0.0,0.0,0.0,0.0,0.0
0.46277809143066406,udp,64170,SF,131,317,0,0,0,0,0,0,0,0,0,0,0,0,0,0,0,0,0,0,0.0,0.0,0.0,0.0,0.0,0.0,0.0,0,0,0.0,0.0,0.0,0.0,0.0,0.0,0.0,0.0
0.7807400226593018,udp,5353,SF,1209,0,0,0,0,0,0,0,0,0,0,0,0,0,0,0,0,0,4,4,0.0,0.0,0.0,0.0,1.0,0.0,0.0,4,4,1.0,0.0,0.0,0.0,0.0,0.0,0.0,0.0
0.7755980491638184,tcp,54717,REJ,263,223,0,0,0,0,0,0,0,0,0,0,0,0,0,0,0,0,4,0,0.0,0.0,1.0,1.0,0.0,1.0,0.0,4,0,0.0,1.0,0.0,0.0,0.0,0.0,1.0,1.0
0.44197702407836914,udp,59765,SF,131,327,0,0,0,0,0,0,0,0,0,0,0,0,0,0,0,0,0,0,0.0,0.0,0.0,0.0,0.0,0.0,0.0,0,0,0.0,0.0,0.0,0.0,0.0,0.0,0.0,0.0
0.053746938705444336,udp,53,SF,65,247,0,0,0,0,0,0,0,0,0,0,0,0,0,0,0,0,13,12,0.0,0.0,0.0,0.0,0.9230769230769231,0.07692307692307693,0.0,13,12,0.9230769230769231,0.07692307692307693,0.0,0.0,0.0,0.0,0.0,0.0
0.0570521354675293,udp,53,SF,65,235,0,0,0,0,0,0,0,0,0,0,0,0,0,0,0,0,14,13,0.0,0.0,0.0,0.0,0.9285714285714286,0.07142857142857142,0.0,14,13,0.9285714285714286,0.07142857142857142,0.0,0.0,0.0,0.0,0.0,0.0
0.056910037994384766,udp,53,SF,65,279,0,0,0,0,0,0,0,0,0,0,0,0,0,0,0,0,15,14,0.0,0.0,0.0,0.0,0.9333333333333333,0.06666666666666667,0.0,15,14,0.9333333333333333,0.06666666666666667,0.0,0.0,0.0,0.0,0.0,0.0
0.3723909854888916,udp,4363,SF,131,327,0,0,0,0,0,0,0,0,0,0,0,0,0,0,0,0,0,0,0.0,0.0,0.0,0.0,0.0,0.0,0.0,0,0,0.0,0.0,0.0,0.0,0.0,0.0,0.0,0.0
109.51336193084717,tcp,443,REJ,2468,5212,0,0,0,0,0,0,0,0,0,0,0,0,0,0,0,0,0,0,0.0,0.0,1.0,1.0,0.0,0.0,0.0,0,0,0.0,0.0,0.0,0.0,0.0,0.0,1.0,1.0
105.30287098884583,tcp,443,REJ,242,329,0,0,0,0,0,0,0,0,0,0,0,0,0,0,0,0,1,1,0.0,0.0,1.0,1.0,1.0,0.0,0.0,1,1,1.0,0.0,0.0,0.0,0.0,0.0,1.0,1.0
0.7859411239624023,tcp,443,REJ,2160,5251,0,0,0,0,0,0,0,0,0,0,0,0,0,0,0,0,0,0,0.0,0.0,1.0,1.0,0.0,0.0,0.0,0,0,0.0,0.0,0.0,0.0,0.0,0.0,1.0,1.0
22.16901683807373,tcp,443,REJ,280,0,0,0,0,0,0,0,0,0,0,0,0,0,0,0,0,0,0,0,0.0,0.0,1.0,1.0,0.0,0.0,0.0,0,0,0.0,0.0,0.0,0.0,0.0,0.0,1.0,1.0
0.34395384788513184,udp,6880,SF,131,305,0,0,0,0,0,0,0,0,0,0,0,0,0,0,0,0,0,0,0.0,0.0,0.0,0.0,0.0,0.0,0.0,0,0,0.0,0.0,0.0,0.0,0.0,0.0,0.0,0.0
0.426785945892334,udp,40839,SF,131,327,0,0,0,0,0,0,0,0,0,0,0,0,0,0,0,0,0,0,0.0,0.0,0.0,0.0,0.0,0.0,0.0,0,0,0.0,0.0,0.0,0.0,0.0,0.0,0.0,0.0
7.508540868759155,udp,53,SF,196,344,0,0,0,0,0,0,0,0,0,0,0,0,0,0,0,0,0,0,0.0,0.0,0.0,0.0,0.0,0.0,0.0,0,0,0.0,0.0,0.0,0.0,0.0,0.0,0.0,0.0
0.4343900680541992,udp,38804,SF,131,327,0,0,0,0,0,0,0,0,0,0,0,0,0,0,0,0,0,0,0.0,0.0,0.0,0.0,0.0,0.0,0.0,0,0,0.0,0.0,0.0,0.0,0.0,0.0,0.0,0.0
0.0,icmp,urp_i,SF,194,0,0,0,0,0,0,0,0,0,0,0,0,0,0,0,0,0,0,0,0.0,0.0,0.0,0.0,0.0,0.0,0.0,0,0,0.0,0.0,0.0,0.0,0.0,0.0,0.0,0.0
12.417654037475586,udp,53,SF,202,679,0,0,0,0,0,0,0,0,0,0,0,0,0,0,0,0,1,1,0.0,0.0,0.0,0.0,1.0,0.0,0.0,1,1,1.0,0.0,0.0,0.0,0.0,0.0,0.0,0.0
0.04544997215270996,udp,53,SF,76,246,0,0,0,0,0,0,0,0,0,0,0,0,0,0,0,0,2,2,0.0,0.0,0.0,0.0,1.0,0.0,0.0,2,2,1.0,0.0,0.0,0.0,0.0,0.0,0.0,0.0
0.00013399124145507812,udp,5351,SF,110,0,0,0,0,0,0,0,0,0,0,0,0,0,0,0,0,0,3,0,0.0,0.0,0.0,0.0,0.0,1.0,0.0,3,0,0.0,1.0,0.0,0.0,0.0,0.0,0.0,0.0
0.17414593696594238,udp,6881,SF,131,296,0,0,0,0,0,0,0,0,0,0,0,0,0,0,0,0,0,0,0.0,0.0,0.0,0.0,0.0,0.0,0.0,0,0,0.0,0.0,0.0,0.0,0.0,0.0,0.0,0.0
0.10425591468811035,udp,24334,SF,131,305,0,0,0,0,0,0,0,0,0,0,0,0,0,0,0,0,0,0,0.0,0.0,0.0,0.0,0.0,0.0,0.0,0,0,0.0,0.0,0.0,0.0,0.0,0.0,0.0,0.0
1.0312869548797607,udp,6891,SF,131,327,0,0,0,0,0,0,0,0,0,0,0,0,0,0,0,0,0,0,0.0,0.0,0.0,0.0,0.0,0.0,0.0,0,0,0.0,0.0,0.0,0.0,0.0,0.0,0.0,0.0
0.06232285499572754,udp,5353,SF,328,0,0,0,0,0,0,0,0,0,0,0,0,0,0,0,0,0,0,0,0.0,0.0,0.0,0.0,0.0,0.0,0.0,0,0,0.0,0.0,0.0,0.0,0.0,0.0,0.0,0.0
0.5113081932067871,udp,6880,SF,131,305,0,0,0,0,0,0,0,0,0,0,0,0,0,0,0,0,0,0,0.0,0.0,0.0,0.0,0.0,0.0,0.0,0,0,0.0,0.0,0.0,0.0,0.0,0.0,0.0,0.0
0.0,icmp,urp_i,SF,162,0,0,0,0,0,0,0,0,0,0,0,0,0,0,0,0,0,1,1,0.0,0.0,0.0,0.0,1.0,0.0,0.0,1,1,1.0,0.0,0.0,0.0,0.0,0.0,0.0,0.0
0.0,icmp,urp_i,SF,162,0,0,0,0,0,0,0,0,0,0,0,0,0,0,0,0,0,2,2,0.0,0.0,0.0,0.0,1.0,0.0,0.0,2,2,1.0,0.0,0.0,0.0,0.0,0.0,0.0,0.0
0.13807201385498047,udp,6881,SF,134,340,0,0,0,0,0,0,0,0,0,0,0,0,0,0,0,0,0,0,0.0,0.0,0.0,0.0,0.0,0.0,0.0,0,0,0.0,0.0,0.0,0.0,0.0,0.0,0.0,0.0
0.23546504974365234,udp,5633,SF,134,340,0,0,0,0,0,0,0,0,0,0,0,0,0,0,0,0,0,0,0.0,0.0,0.0,0.0,0.0,0.0,0.0,0,0,0.0,0.0,0.0,0.0,0.0,0.0,0.0,0.0
0.2146921157836914,udp,33124,SF,131,327,0,0,0,0,0,0,0,0,0,0,0,0,0,0,0,0,0,0,0.0,0.0,0.0,0.0,0.0,0.0,0.0,0,0,0.0,0.0,0.0,0.0,0.0,0.0,0.0,0.0
0.0,udp,16055,SF,134,0,0,0,0,0,0,0,0,0,0,0,0,0,0,0,0,0,0,0,0.0,0.0,0.0,0.0,0.0,0.0,0.0,0,0,0.0,0.0,0.0,0.0,0.0,0.0,0.0,0.0
0.0,icmp,urp_i,SF,162,0,0,0,0,0,0,0,0,0,0,0,0,0,0,0,0,0,3,3,0.0,0.0,0.0,0.0,1.0,0.0,0.0,3,3,1.0,0.0,0.0,0.0,0.0,0.0,0.0,0.0
0.3360459804534912,udp,37797,SF,134,313,0,0,0,0,0,0,0,0,0,0,0,0,0,0,0,0,0,0,0.0,0.0,0.0,0.0,0.0,0.0,0.0,0,0,0.0,0.0,0.0,0.0,0.0,0.0,0.0,0.0
0.33867597579956055,udp,17642,SF,134,340,0,0,0,0,0,0,0,0,0,0,0,0,0,0,0,0,0,0,0.0,0.0,0.0,0.0,0.0,0.0,0.0,0,0,0.0,0.0,0.0,0.0,0.0,0.0,0.0,0.0
0.47090697288513184,udp,11651,SF,134,340,0,0,0,0,0,0,0,0,0,0,0,0,0,0,0,0,0,0,0.0,0.0,0.0,0.0,0.0,0.0,0.0,0,0,0.0,0.0,0.0,0.0,0.0,0.0,0.0,0.0
0.0,udp,25383,SF,134,0,0,0,0,0,0,0,0,0,0,0,0,0,0,0,0,0,0,0,0.0,0.0,0.0,0.0,0.0,0.0,0.0,0,0,0.0,0.0,0.0,0.0,0.0,0.0,0.0,0.0
0.0,udp,14529,SF,134,0,0,0,0,0,0,0,0,0,0,0,0,0,0,0,0,0,0,0,0.0,0.0,0.0,0.0,0.0,0.0,0.0,0,0,0.0,0.0,0.0,0.0,0.0,0.0,0.0,0.0
0.0,udp,54484,SF,134,0,0,0,0,0,0,0,0,0,0,0,0,0,0,0,0,0,0,0,0.0,0.0,0.0,0.0,0.0,0.0,0.0,0,0,0.0,0.0,0.0,0.0,0.0,0.0,0.0,0.0
0.0,udp,55128,SF,134,0,0,0,0,0,0,0,0,0,0,0,0,0,0,0,0,0,0,0,0.0,0.0,0.0,0.0,0.0,0.0,0.0,0,0,0.0,0.0,0.0,0.0,0.0,0.0,0.0,0.0
0.0,udp,55690,SF,134,0,0,0,0,0,0,0,0,0,0,0,0,0,0,0,0,0,0,0,0.0,0.0,0.0,0.0,0.0,0.0,0.0,0,0,0.0,0.0,0.0,0.0,0.0,0.0,0.0,0.0
0.0,udp,20456,SF,134,0,0,0,0,0,0,0,0,0,0,0,0,0,0,0,0,0,0,0,0.0,0.0,0.0,0.0,0.0,0.0,0.0,0,0,0.0,0.0,0.0,0.0,0.0,0.0,0.0,0.0
0.0,udp,60719,SF,134,0,0,0,0,0,0,0,0,0,0,0,0,0,0,0,0,0,0,0,0.0,0.0,0.0,0.0,0.0,0.0,0.0,0,0,0.0,0.0,0.0,0.0,0.0,0.0,0.0,0.0
0.0,udp,35972,SF,134,0,0,0,0,0,0,0,0,0,0,0,0,0,0,0,0,0,0,0,0.0,0.0,0.0,0.0,0.0,0.0,0.0,0,0,0.0,0.0,0.0,0.0,0.0,0.0,0.0,0.0
0.36673998832702637,udp,6388,SF,134,347,0,0,0,0,0,0,0,0,0,0,0,0,0,0,0,0,0,0,0.0,0.0,0.0,0.0,0.0,0.0,0.0,0,0,0.0,0.0,0.0,0.0,0.0,0.0,0.0,0.0
0.29314494132995605,udp,44563,SF,134,347,0,0,0,0,0,0,0,0,0,0,0,0,0,0,0,0,0,0,0.0,0.0,0.0,0.0,0.0,0.0,0.0,0,0,0.0,0.0,0.0,0.0,0.0,0.0,0.0,0.0
0.0,udp,40356,SF,134,0,0,0,0,0,0,0,0,0,0,0,0,0,0,0,0,0,0,0,0.0,0.0,0.0,0.0,0.0,0.0,0.0,0,0,0.0,0.0,0.0,0.0,0.0,0.0,0.0,0.0
0.0,udp,21931,SF,134,0,0,0,0,0,0,0,0,0,0,0,0,0,0,0,0,0,0,0,0.0,0.0,0.0,0.0,0.0,0.0,0.0,0,0,0.0,0.0,0.0,0.0,0.0,0.0,0.0,0.0
0.2534170150756836,udp,1400,SF,134,340,0,0,0,0,0,0,0,0,0,0,0,0,0,0,0,0,0,0,0.0,0.0,0.0,0.0,0.0,0.0,0.0,0,0,0.0,0.0,0.0,0.0,0.0,0.0,0.0,0.0
0.0,udp,8621,SF,134,0,0,0,0,0,0,0,0,0,0,0,0,0,0,0,0,0,0,0,0.0,0.0,0.0,0.0,0.0,0.0,0.0,0,0,0.0,0.0,0.0,0.0,0.0,0.0,0.0,0.0
0.0,udp,43902,SF,134,0,0,0,0,0,0,0,0,0,0,0,0,0,0,0,0,0,0,0,0.0,0.0,0.0,0.0,0.0,0.0,0.0,0,0,0.0,0.0,0.0,0.0,0.0,0.0,0.0,0.0
0.0,udp,2282,SF,134,0,0,0,0,0,0,0,0,0,0,0,0,0,0,0,0,0,0,0,0.0,0.0,0.0,0.0,0.0,0.0,0.0,0,0,0.0,0.0,0.0,0.0,0.0,0.0,0.0,0.0
0.0,udp,38008,SF,134,0,0,0,0,0,0,0,0,0,0,0,0,0,0,0,0,0,0,0,0.0,0.0,0.0,0.0,0.0,0.0,0.0,0,0,0.0,0.0,0.0,0.0,0.0,0.0,0.0,0.0
0.0,udp,8621,SF,134,0,0,0,0,0,0,0,0,0,0,0,0,0,0,0,0,0,0,0,0.0,0.0,0.0,0.0,0.0,0.0,0.0,0,0,0.0,0.0,0.0,0.0,0.0,0.0,0.0,0.0
0.0,udp,2209,SF,134,0,0,0,0,0,0,0,0,0,0,0,0,0,0,0,0,0,0,0,0.0,0.0,0.0,0.0,0.0,0.0,0.0,0,0,0.0,0.0,0.0,0.0,0.0,0.0,0.0,0.0
0.45853209495544434,udp,25661,SF,134,347,0,0,0,0,0,0,0,0,0,0,0,0,0,0,0,0,0,0,0.0,0.0,0.0,0.0,0.0,0.0,0.0,0,0,0.0,0.0,0.0,0.0,0.0,0.0,0.0,0.0
0.0,udp,6274,SF,134,0,0,0,0,0,0,0,0,0,0,0,0,0,0,0,0,0,0,0,0.0,0.0,0.0,0.0,0.0,0.0,0.0,0,0,0.0,0.0,0.0,0.0,0.0,0.0,0.0,0.0
0.0,udp,43703,SF,134,0,0,0,0,0,0,0,0,0,0,0,0,0,0,0,0,0,0,0,0.0,0.0,0.0,0.0,0.0,0.0,0.0,0,0,0.0,0.0,0.0,0.0,0.0,0.0,0.0,0.0
0.39510297775268555,udp,23908,SF,134,340,0,0,0,0,0,0,0,0,0,0,0,0,0,0,0,0,0,0,0.0,0.0,0.0,0.0,0.0,0.0,0.0,0,0,0.0,0.0,0.0,0.0,0.0,0.0,0.0,0.0
0.39497900009155273,udp,6881,SF,134,340,0,0,0,0,0,0,0,0,0,0,0,0,0,0,0,0,0,0,0.0,0.0,0.0,0.0,0.0,0.0,0.0,0,0,0.0,0.0,0.0,0.0,0.0,0.0,0.0,0.0
0.5174131393432617,udp,51413,SF,131,296,0,0,0,0,0,0,0,0,0,0,0,0,0,0,0,0,0,0,0.0,0.0,0.0,0.0,0.0,0.0,0.0,0,0,0.0,0.0,0.0,0.0,0.0,0.0,0.0,0.0
9.386693000793457,udp,50375,SF,286,130,0,0,0,0,0,0,0,0,0,0,0,0,0,0,0,0,0,0,0.0,0.0,0.0,0.0,0.0,0.0,0.0,0,0,0.0,0.0,0.0,0.0,0.0,0.0,0.0,0.0
9.151401996612549,udp,6881,SF,280,212,0,0,0,0,0,0,0,0,0,0,0,0,0,0,0,0,0,0,0.0,0.0,0.0,0.0,0.0,0.0,0.0,0,0,0.0,0.0,0.0,0.0,0.0,0.0,0.0,0.0
9.151297092437744,udp,6881,SF,280,106,0,0,0,0,0,0,0,0,0,0,0,0,0,0,0,0,0,0,0.0,0.0,0.0,0.0,0.0,0.0,0.0,0,0,0.0,0.0,0.0,0.0,0.0,0.0,0.0,0.0
0.46540307998657227,udp,23873,SF,134,340,0,0,0,0,0,0,0,0,0,0,0,0,0,0,0,0,0,0,0.0,0.0,0.0,0.0,0.0,0.0,0.0,0,0,0.0,0.0,0.0,0.0,0.0,0.0,0.0,0.0
0.4646639823913574,udp,33745,SF,134,347,0,0,0,0,0,0,0,0,0,0,0,0,0,0,0,0,0,0,0.0,0.0,0.0,0.0,0.0,0.0,0.0,0,0,0.0,0.0,0.0,0.0,0.0,0.0,0.0,0.0
10.377275943756104,udp,24504,SF,299,792,0,0,0,0,0,0,0,0,0,0,0,0,0,0,0,0,0,0,0.0,0.0,0.0,0.0,0.0,0.0,0.0,0,0,0.0,0.0,0.0,0.0,0.0,0.0,0.0,0.0
11.281762838363647,udp,7510,SF,278,308,0,0,0,0,0,0,0,0,0,0,0,0,0,0,0,0,0,0,0.0,0.0,0.0,0.0,0.0,0.0,0.0,0,0,0.0,0.0,0.0,0.0,0.0,0.0,0.0,0.0
9.084289073944092,udp,52168,SF,972,931,0,0,0,0,0,0,0,0,0,0,0,0,0,0,0,0,0,0,0.0,0.0,0.0,0.0,0.0,0.0,0.0,0,0,0.0,0.0,0.0,0.0,0.0,0.0,0.0,0.0
9.419564008712769,udp,48815,SF,282,667,0,0,0,0,0,0,0,0,0,0,0,0,0,0,0,0,0,0,0.0,0.0,0.0,0.0,0.0,0.0,0.0,0,0,0.0,0.0,0.0,0.0,0.0,0.0,0.0,0.0
1.2412800788879395,udp,8999,SF,131,326,0,0,0,0,0,0,0,0,0,0,0,0,0,0,0,0,0,0,0.0,0.0,0.0,0.0,0.0,0.0,0.0,0,0,0.0,0.0,0.0,0.0,0.0,0.0,0.0,0.0
0.5428979396820068,udp,3606,SF,131,296,0,0,0,0,0,0,0,0,0,0,0,0,0,0,0,0,0,0,0.0,0.0,0.0,0.0,0.0,0.0,0.0,0,0,0.0,0.0,0.0,0.0,0.0,0.0,0.0,0.0
0.06427693367004395,udp,53,SF,75,103,0,0,0,0,0,0,0,0,0,0,0,0,0,0,0,0,0,0,0.0,0.0,0.0,0.0,0.0,0.0,0.0,0,0,0.0,0.0,0.0,0.0,0.0,0.0,0.0,0.0
0.5047330856323242,udp,53,SF,141,242,0,0,0,0,0,0,0,0,0,0,0,0,0,0,0,0,1,1,0.0,0.0,0.0,0.0,1.0,0.0,0.0,1,1,1.0,0.0,0.0,0.0,0.0,0.0,0.0,0.0
0.052618980407714844,udp,53,SF,80,192,0,0,0,0,0,0,0,0,0,0,0,0,0,0,0,0,2,2,0.0,0.0,0.0,0.0,1.0,0.0,0.0,2,2,1.0,0.0,0.0,0.0,0.0,0.0,0.0,0.0
0.0506591796875,udp,53,SF,80,336,0,0,0,0,0,0,0,0,0,0,0,0,0,0,0,0,3,3,0.0,0.0,0.0,0.0,1.0,0.0,0.0,3,3,1.0,0.0,0.0,0.0,0.0,0.0,0.0,0.0
0.050759077072143555,udp,53,SF,80,137,0,0,0,0,0,0,0,0,0,0,0,0,0,0,0,0,4,4,0.0,0.0,0.0,0.0,1.0,0.0,0.0,4,4,1.0,0.0,0.0,0.0,0.0,0.0,0.0,0.0
0.05105996131896973,udp,53,SF,65,93,0,0,0,0,0,0,0,0,0,0,0,0,0,0,0,0,5,5,0.0,0.0,0.0,0.0,1.0,0.0,0.0,5,5,1.0,0.0,0.0,0.0,0.0,0.0,0.0,0.0
0.04911208152770996,udp,53,SF,65,81,0,0,0,0,0,0,0,0,0,0,0,0,0,0,0,0,6,6,0.0,0.0,0.0,0.0,1.0,0.0,0.0,6,6,1.0,0.0,0.0,0.0,0.0,0.0,0.0,0.0
0.04867410659790039,udp,53,SF,65,115,0,0,0,0,0,0,0,0,0,0,0,0,0,0,0,0,7,7,0.0,0.0,0.0,0.0,1.0,0.0,0.0,7,7,1.0,0.0,0.0,0.0,0.0,0.0,0.0,0.0
0.0,udp,53,SF,59,0,0,0,0,0,0,0,0,0,0,0,0,0,0,0,0,0,8,8,0.0,0.0,0.0,0.0,1.0,0.0,0.0,8,8,1.0,0.0,0.0,0.0,0.0,0.0,0.0,0.0
0.029859066009521484,udp,53,SF,59,164,0,0,0,0,0,0,0,0,0,0,0,0,0,0,0,0,9,9,0.0,0.0,0.0,0.0,1.0,0.0,0.0,9,9,1.0,0.0,0.0,0.0,0.0,0.0,0.0,0.0
0.030453920364379883,udp,53,SF,59,196,0,0,0,0,0,0,0,0,0,0,0,0,0,0,0,0,10,10,0.0,0.0,0.0,0.0,1.0,0.0,0.0,10,10,1.0,0.0,0.0,0.0,0.0,0.0,0.0,0.0
0.0,udp,53,SF,62,0,0,0,0,0,0,0,0,0,0,0,0,0,0,0,0,0,11,11,0.0,0.0,0.0,0.0,1.0,0.0,0.0,11,11,1.0,0.0,0.0,0.0,0.0,0.0,0.0,0.0
0.04285001754760742,udp,53,SF,62,78,0,0,0,0,0,0,0,0,0,0,0,0,0,0,0,0,12,12,0.0,0.0,0.0,0.0,1.0,0.0,0.0,12,12,1.0,0.0,0.0,0.0,0.0,0.0,0.0,0.0
0.042597055435180664,udp,53,SF,62,155,0,0,0,0,0,0,0,0,0,0,0,0,0,0,0,0,13,13,0.0,0.0,0.0,0.0,1.0,0.0,0.0,13,13,1.0,0.0,0.0,0.0,0.0,0.0,0.0,0.0
0.0,udp,53,SF,74,0,0,0,0,0,0,0,0,0,0,0,0,0,0,0,0,0,14,14,0.0,0.0,0.0,0.0,1.0,0.0,0.0,14,14,1.0,0.0,0.0,0.0,0.0,0.0,0.0,0.0
0.05014801025390625,udp,53,SF,74,342,0,0,0,0,0,0,0,0,0,0,0,0,0,0,0,0,15,15,0.0,0.0,0.0,0.0,1.0,0.0,0.0,15,15,1.0,0.0,0.0,0.0,0.0,0.0,0.0,0.0
0.045491933822631836,udp,53,SF,74,161,0,0,0,0,0,0,0,0,0,0,0,0,0,0,0,0,16,16,0.0,0.0,0.0,0.0,1.0,0.0,0.0,16,16,1.0,0.0,0.0,0.0,0.0,0.0,0.0,0.0
0.0,udp,53,SF,63,0,0,0,0,0,0,0,0,0,0,0,0,0,0,0,0,0,17,17,0.0,0.0,0.0,0.0,1.0,0.0,0.0,17,17,1.0,0.0,0.0,0.0,0.0,0.0,0.0,0.0
0.038836002349853516,udp,53,SF,63,177,0,0,0,0,0,0,0,0,0,0,0,0,0,0,0,0,18,18,0.0,0.0,0.0,0.0,1.0,0.0,0.0,18,18,1.0,0.0,0.0,0.0,0.0,0.0,0.0,0.0
0.03835606575012207,udp,53,SF,63,206,0,0,0,0,0,0,0,0,0,0,0,0,0,0,0,0,19,19,0.0,0.0,0.0,0.0,1.0,0.0,0.0,19,19,1.0,0.0,0.0,0.0,0.0,0.0,0.0,0.0
0.08651494979858398,udp,53,SF,63,91,0,0,0,0,0,0,0,0,0,0,0,0,0,0,0,0,20,20,0.0,0.0,0.0,0.0,1.0,0.0,0.0,20,20,1.0,0.0,0.0,0.0,0.0,0.0,0.0,0.0
0.07922887802124023,udp,53,SF,63,79,0,0,0,0,0,0,0,0,0,0,0,0,0,0,0,0,21,21,0.0,0.0,0.0,0.0,1.0,0.0,0.0,21,21,1.0,0.0,0.0,0.0,0.0,0.0,0.0,0.0
0.08596992492675781,udp,53,SF,63,88,0,0,0,0,0,0,0,0,0,0,0,0,0,0,0,0,22,22,0.0,0.0,0.0,0.0,1.0,0.0,0.0,22,22,1.0,0.0,0.0,0.0,0.0,0.0,0.0,0.0
0.06460809707641602,udp,53,SF,65,93,0,0,0,0,0,0,0,0,0,0,0,0,0,0,0,0,23,23,0.0,0.0,0.0,0.0,1.0,0.0,0.0,23,23,1.0,0.0,0.0,0.0,0.0,0.0,0.0,0.0
0.06432509422302246,udp,53,SF,65,97,0,0,0,0,0,0,0,0,0,0,0,0,0,0,0,0,24,24,0.0,0.0,0.0,0.0,1.0,0.0,0.0,24,24,1.0,0.0,0.0,0.0,0.0,0.0,0.0,0.0
0.06469011306762695,udp,53,SF,65,107,0,0,0,0,0,0,0,0,0,0,0,0,0,0,0,0,25,25,0.0,0.0,0.0,0.0,1.0,0.0,0.0,25,25,1.0,0.0,0.0,0.0,0.0,0.0,0.0,0.0
0.05519390106201172,udp,53,SF,66,94,0,0,0,0,0,0,0,0,0,0,0,0,0,0,0,0,26,26,0.0,0.0,0.0,0.0,1.0,0.0,0.0,26,26,1.0,0.0,0.0,0.0,0.0,0.0,0.0,0.0
0.050271034240722656,udp,53,SF,66,82,0,0,0,0,0,0,0,0,0,0,0,0,0,0,0,0,27,27,0.0,0.0,0.0,0.0,1.0,0.0,0.0,27,27,1.0,0.0,0.0,0.0,0.0,0.0,0.0,0.0
0.04999995231628418,udp,53,SF,66,123,0,0,0,0,0,0,0,0,0,0,0,0,0,0,0,0,28,28,0.0,0.0,0.0,0.0,1.0,0.0,0.0,28,28,1.0,0.0,0.0,0.0,0.0,0.0,0.0,0.0
0.04925799369812012,udp,53,SF,70,98,0,0,0,0,0,0,0,0,0,0,0,0,0,0,0,0,29,29,0.0,0.0,0.0,0.0,1.0,0.0,0.0,29,29,1.0,0.0,0.0,0.0,0.0,0.0,0.0,0.0
0.04413795471191406,udp,53,SF,70,86,0,0,0,0,0,0,0,0,0,0,0,0,0,0,0,0,30,30,0.0,0.0,0.0,0.0,1.0,0.0,0.0,30,30,1.0,0.0,0.0,0.0,0.0,0.0,0.0,0.0
0.04680895805358887,udp,53,SF,70,130,0,0,0,0,0,0,0,0,0,0,0,0,0,0,0,0,31,31,0.0,0.0,0.0,0.0,1.0,0.0,0.0,31,31,1.0,0.0,0.0,0.0,0.0,0.0,0.0,0.0
0.050950050354003906,udp,53,SF,66,122,0,0,0,0,0,0,0,0,0,0,0,0,0,0,0,0,32,32,0.0,0.0,0.0,0.0,1.0,0.0,0.0,32,32,1.0,0.0,0.0,0.0,0.0,0.0,0.0,0.0
0.05141711235046387,udp,53,SF,66,144,0,0,0,0,0,0,0,0,0,0,0,0,0,0,0,0,33,33,0.0,0.0,0.0,0.0,1.0,0.0,0.0,33,33,1.0,0.0,0.0,0.0,0.0,0.0,0.0,0.0
0.0,udp,53,SF,67,0,0,0,0,0,0,0,0,0,0,0,0,0,0,0,0,0,34,34,0.0,0.0,0.0,0.0,1.0,0.0,0.0,34,34,1.0,0.0,0.0,0.0,0.0,0.0,0.0,0.0
0.05190587043762207,udp,53,SF,67,124,0,0,0,0,0,0,0,0,0,0,0,0,0,0,0,0,35,35,0.0,0.0,0.0,0.0,1.0,0.0,0.0,35,35,1.0,0.0,0.0,0.0,0.0,0.0,0.0,0.0
0.0,udp,53,SF,76,0,0,0,0,0,0,0,0,0,0,0,0,0,0,0,0,0,36,36,0.0,0.0,0.0,0.0,1.0,0.0,0.0,36,36,1.0,0.0,0.0,0.0,0.0,0.0,0.0,0.0
0.0452880859375,udp,53,SF,76,316,0,0,0,0,0,0,0,0,0,0,0,0,0,0,0,0,37,37,0.0,0.0,0.0,0.0,1.0,0.0,0.0,37,37,1.0,0.0,0.0,0.0,0.0,0.0,0.0,0.0
0.04344296455383301,udp,53,SF,76,196,0,0,0,0,0,0,0,0,0,0,0,0,0,0,0,0,38,38,0.0,0.0,0.0,0.0,1.0,0.0,0.0,38,38,1.0,0.0,0.0,0.0,0.0,0.0,0.0,0.0
0.044647932052612305,udp,53,SF,69,181,0,0,0,0,0,0,0,0,0,0,0,0,0,0,0,0,39,39,0.0,0.0,0.0,0.0,1.0,0.0,0.0,39,39,1.0,0.0,0.0,0.0,0.0,0.0,0.0,0.0
0.04436492919921875,udp,53,SF,69,325,0,0,0,0,0,0,0,0,0,0,0,0,0,0,0,0,40,40,0.0,0.0,0.0,0.0,1.0,0.0,0.0,40,40,1.0,0.0,0.0,0.0,0.0,0.0,0.0,0.0
0.04627203941345215,udp,53,SF,69,126,0,0,0,0,0,0,0,0,0,0,0,0,0,0,0,0,41,41,0.0,0.0,0.0,0.0,1.0,0.0,0.0,41,41,1.0,0.0,0.0,0.0,0.0,0.0,0.0,0.0
0.0,udp,53,SF,65,0,0,0,0,0,0,0,0,0,0,0,0,0,0,0,0,0,42,42,0.0,0.0,0.0,0.0,1.0,0.0,0.0,42,42,1.0,0.0,0.0,0.0,0.0,0.0,0.0,0.0
0.053517818450927734,udp,53,SF,65,105,0,0,0,0,0,0,0,0,0,0,0,0,0,0,0,0,43,43,0.0,0.0,0.0,0.0,1.0,0.0,0.0,43,43,1.0,0.0,0.0,0.0,0.0,0.0,0.0,0.0
0.0,udp,53,SF,64,0,0,0,0,0,0,0,0,0,0,0,0,0,0,0,0,0,44,44,0.0,0.0,0.0,0.0,1.0,0.0,0.0,44,44,1.0,0.0,0.0,0.0,0.0,0.0,0.0,0.0
0.04341006278991699,udp,53,SF,64,328,0,0,0,0,0,0,0,0,0,0,0,0,0,0,0,0,45,45,0.0,0.0,0.0,0.0,1.0,0.0,0.0,45,45,1.0,0.0,0.0,0.0,0.0,0.0,0.0,0.0
0.04324793815612793,udp,53,SF,64,141,0,0,0,0,0,0,0,0,0,0,0,0,0,0,0,0,46,46,0.0,0.0,0.0,0.0,1.0,0.0,0.0,46,46,1.0,0.0,0.0,0.0,0.0,0.0,0.0,0.0
0.050147056579589844,udp,53,SF,78,246,0,0,0,0,0,0,0,0,0,0,0,0,0,0,0,0,47,47,0.0,0.0,0.0,0.0,1.0,0.0,0.0,47,47,1.0,0.0,0.0,0.0,0.0,0.0,0.0,0.0
0.05202984809875488,udp,53,SF,78,201,0,0,0,0,0,0,0,0,0,0,0,0,0,0,0,0,48,48,0.0,0.0,0.0,0.0,1.0,0.0,0.0,48,48,1.0,0.0,0.0,0.0,0.0,0.0,0.0,0.0
0.058531999588012695,udp,53,SF,78,246,0,0,0,0,0,0,0,0,0,0,0,0,0,0,0,0,49,49,0.0,0.0,0.0,0.0,1.0,0.0,0.0,49,49,1.0,0.0,0.0,0.0,0.0,0.0,0.0,0.0
3.079810857772827,udp,53,SF,147,91,0,0,0,0,0,0,0,0,0,0,0,0,0,0,0,0,50,50,0.0,0.0,0.0,0.0,1.0,0.0,0.0,50,50,1.0,0.0,0.0,0.0,0.0,0.0,0.0,0.0
3.774940013885498,udp,53,SF,194,83,0,0,0,0,0,0,0,0,0,0,0,0,0,0,0,0,51,51,0.0,0.0,0.0,0.0,1.0,0.0,0.0,51,51,1.0,0.0,0.0,0.0,0.0,0.0,0.0,0.0
0.4014718532562256,udp,54991,SF,131,326,0,0,0,0,0,0,0,0,0,0,0,0,0,0,0,0,0,0,0.0,0.0,0.0,0.0,0.0,0.0,0.0,0,0,0.0,0.0,0.0,0.0,0.0,0.0,0.0,0.0
0.2585887908935547,udp,53,SF,74,161,0,0,0,0,0,0,0,0,0,0,0,0,0,0,0,0,52,52,0.0,0.0,0.0,0.0,1.0,0.0,0.0,52,52,1.0,0.0,0.0,0.0,0.0,0.0,0.0,0.0
0.0,udp,53,SF,62,0,0,0,0,0,0,0,0,0,0,0,0,0,0,0,0,0,53,53,0.0,0.0,0.0,0.0,1.0,0.0,0.0,53,53,1.0,0.0,0.0,0.0,0.0,0.0,0.0,0.0
0.22391581535339355,udp,53,SF,62,154,0,0,0,0,0,0,0,0,0,0,0,0,0,0,0,0,54,54,0.0,0.0,0.0,0.0,1.0,0.0,0.0,54,54,1.0,0.0,0.0,0.0,0.0,0.0,0.0,0.0
0.22501516342163086,udp,53,SF,62,165,0,0,0,0,0,0,0,0,0,0,0,0,0,0,0,0,55,55,0.0,0.0,0.0,0.0,1.0,0.0,0.0,55,55,1.0,0.0,0.0,0.0,0.0,0.0,0.0,0.0
0.15277385711669922,udp,53,SF,67,95,0,0,0,0,0,0,0,0,0,0,0,0,0,0,0,0,56,56,0.0,0.0,0.0,0.0,1.0,0.0,0.0,56,56,1.0,0.0,0.0,0.0,0.0,0.0,0.0,0.0
0.0,udp,53,SF,76,0,0,0,0,0,0,0,0,0,0,0,0,0,0,0,0,0,57,57,0.0,0.0,0.0,0.0,1.0,0.0,0.0,57,57,1.0,0.0,0.0,0.0,0.0,0.0,0.0,0.0
0.0,udp,53,SF,62,0,0,0,0,0,0,0,0,0,0,0,0,0,0,0,0,0,58,58,0.0,0.0,0.0,0.0,1.0,0.0,0.0,58,58,1.0,0.0,0.0,0.0,0.0,0.0,0.0,0.0
0.048375844955444336,udp,53,SF,62,107,0,0,0,0,0,0,0,0,0,0,0,0,0,0,0,0,59,59,0.0,0.0,0.0,0.0,1.0,0.0,0.0,59,59,1.0,0.0,0.0,0.0,0.0,0.0,0.0,0.0
0.03922700881958008,udp,53,SF,72,352,0,0,0,0,0,0,0,0,0,0,0,0,0,0,0,0,60,60,0.0,0.0,0.0,0.0,1.0,0.0,0.0,60,60,1.0,0.0,0.0,0.0,0.0,0.0,0.0,0.0
0.038960933685302734,udp,53,SF,72,146,0,0,0,0,0,0,0,0,0,0,0,0,0,0,0,0,61,61,0.0,0.0,0.0,0.0,1.0,0.0,0.0,61,61,1.0,0.0,0.0,0.0,0.0,0.0,0.0,0.0
3.030754804611206,udp,5353,SF,204,0,0,0,0,0,0,0,0,0,0,0,0,0,0,0,0,0,0,0,0.0,0.0,0.0,0.0,0.0,0.0,0.0,0,0,0.0,0.0,0.0,0.0,0.0,0.0,0.0,0.0
0.0,udp,53,SF,69,0,0,0,0,0,0,0,0,0,0,0,0,0,0,0,0,0,62,62,0.0,0.0,0.0,0.0,1.0,0.0,0.0,62,62,1.0,0.0,0.0,0.0,0.0,0.0,0.0,0.0
0.05770397186279297,udp,53,SF,69,400,0,0,0,0,0,0,0,0,0,0,0,0,0,0,0,0,63,63,0.0,0.0,0.0,0.0,1.0,0.0,0.0,63,63,1.0,0.0,0.0,0.0,0.0,0.0,0.0,0.0
0.05837512016296387,udp,53,SF,69,218,0,0,0,0,0,0,0,0,0,0,0,0,0,0,0,0,64,64,0.0,0.0,0.0,0.0,1.0,0.0,0.0,64,64,1.0,0.0,0.0,0.0,0.0,0.0,0.0,0.0
0.0,udp,53,SF,67,0,0,0,0,0,0,0,0,0,0,0,0,0,0,0,0,0,65,65,0.0,0.0,0.0,0.0,1.0,0.0,0.0,65,65,1.0,0.0,0.0,0.0,0.0,0.0,0.0,0.0
0.06792211532592773,udp,53,SF,67,332,0,0,0,0,0,0,0,0,0,0,0,0,0,0,0,0,66,66,0.0,0.0,0.0,0.0,1.0,0.0,0.0,66,66,1.0,0.0,0.0,0.0,0.0,0.0,0.0,0.0
0.06768417358398438,udp,53,SF,67,148,0,0,0,0,0,0,0,0,0,0,0,0,0,0,0,0,67,67,0.0,0.0,0.0,0.0,1.0,0.0,0.0,67,67,1.0,0.0,0.0,0.0,0.0,0.0,0.0,0.0
0.0,udp,53,SF,62,0,0,0,0,0,0,0,0,0,0,0,0,0,0,0,0,0,68,68,0.0,0.0,0.0,0.0,1.0,0.0,0.0,68,68,1.0,0.0,0.0,0.0,0.0,0.0,0.0,0.0
0.0,udp,53,SF,64,0,0,0,0,0,0,0,0,0,0,0,0,0,0,0,0,0,69,69,0.0,0.0,0.0,0.0,1.0,0.0,0.0,69,69,1.0,0.0,0.0,0.0,0.0,0.0,0.0,0.0
0.039038896560668945,udp,53,SF,64,330,0,0,0,0,0,0,0,0,0,0,0,0,0,0,0,0,70,70,0.0,0.0,0.0,0.0,1.0,0.0,0.0,70,70,1.0,0.0,0.0,0.0,0.0,0.0,0.0,0.0
0.033856868743896484,udp,53,SF,64,146,0,0,0,0,0,0,0,0,0,0,0,0,0,0,0,0,71,71,0.0,0.0,0.0,0.0,1.0,0.0,0.0,71,71,1.0,0.0,0.0,0.0,0.0,0.0,0.0,0.0
0.0,udp,53,SF,62,0,0,0,0,0,0,0,0,0,0,0,0,0,0,0,0,0,72,72,0.0,0.0,0.0,0.0,1.0,0.0,0.0,72,72,1.0,0.0,0.0,0.0,0.0,0.0,0.0,0.0
0.23848295211791992,udp,443,SF,4798,8023,0,0,0,0,0,0,0,0,0,0,0,0,0,0,0,0,0,0,0.0,0.0,0.0,0.0,0.0,0.0,0.0,0,0,0.0,0.0,0.0,0.0,0.0,0.0,0.0,0.0
0.0,udp,53,SF,64,0,0,0,0,0,0,0,0,0,0,0,0,0,0,0,0,0,73,73,0.0,0.0,0.0,0.0,1.0,0.0,0.0,73,73,1.0,0.0,0.0,0.0,0.0,0.0,0.0,0.0
0.04310798645019531,udp,53,SF,60,88,0,0,0,0,0,0,0,0,0,0,0,0,0,0,0,0,74,74,0.0,0.0,0.0,0.0,1.0,0.0,0.0,74,74,1.0,0.0,0.0,0.0,0.0,0.0,0.0,0.0
1.1520178318023682,udp,53,SF,124,90,0,0,0,0,0,0,0,0,0,0,0,0,0,0,0,0,75,75,0.0,0.0,0.0,0.0,1.0,0.0,0.0,75,75,1.0,0.0,0.0,0.0,0.0,0.0,0.0,0.0
0.0,udp,53,SF,67,0,0,0,0,0,0,0,0,0,0,0,0,0,0,0,0,0,76,76,0.0,0.0,0.0,0.0,1.0,0.0,0.0,76,76,1.0,0.0,0.0,0.0,0.0,0.0,0.0,0.0
3.181899070739746,udp,53,SF,331,1141,0,0,0,0,0,0,0,0,0,0,0,0,0,0,0,0,77,77,0.0,0.0,0.0,0.0,1.0,0.0,0.0,77,77,1.0,0.0,0.0,0.0,0.0,0.0,0.0,0.0
4.005889892578125,udp,53,SF,333,655,0,0,0,0,0,0,0,0,0,0,0,0,0,0,0,0,78,78,0.0,0.0,0.0,0.0,1.0,0.0,0.0,78,78,1.0,0.0,0.0,0.0,0.0,0.0,0.0,0.0
0.0,udp,53,SF,67,0,0,0,0,0,0,0,0,0,0,0,0,0,0,0,0,0,79,79,0.0,0.0,0.0,0.0,1.0,0.0,0.0,79,79,1.0,0.0,0.0,0.0,0.0,0.0,0.0,0.0
0.1725771427154541,udp,49678,SF,131,326,0,0,0,0,0,0,0,0,0,0,0,0,0,0,0,0,0,0,0.0,0.0,0.0,0.0,0.0,0.0,0.0,0,0,0.0,0.0,0.0,0.0,0.0,0.0,0.0,0.0
0.0,udp,53,SF,64,0,0,0,0,0,0,0,0,0,0,0,0,0,0,0,0,0,80,80,0.0,0.0,0.0,0.0,1.0,0.0,0.0,80,80,1.0,0.0,0.0,0.0,0.0,0.0,0.0,0.0
0.0,udp,53,SF,81,0,0,0,0,0,0,0,0,0,0,0,0,0,0,0,0,0,81,81,0.0,0.0,0.0,0.0,1.0,0.0,0.0,81,81,1.0,0.0,0.0,0.0,0.0,0.0,0.0,0.0
0.044508934020996094,udp,53,SF,81,337,0,0,0,0,0,0,0,0,0,0,0,0,0,0,0,0,82,82,0.0,0.0,0.0,0.0,1.0,0.0,0.0,82,82,1.0,0.0,0.0,0.0,0.0,0.0,0.0,0.0
0.04255318641662598,udp,53,SF,81,138,0,0,0,0,0,0,0,0,0,0,0,0,0,0,0,0,83,83,0.0,0.0,0.0,0.0,1.0,0.0,0.0,83,83,1.0,0.0,0.0,0.0,0.0,0.0,0.0,0.0
0.0,udp,53,SF,67,0,0,0,0,0,0,0,0,0,0,0,0,0,0,0,0,0,84,84,0.0,0.0,0.0,0.0,1.0,0.0,0.0,84,84,1.0,0.0,0.0,0.0,0.0,0.0,0.0,0.0
0.05756497383117676,udp,53,SF,67,268,0,0,0,0,0,0,0,0,0,0,0,0,0,0,0,0,85,85,0.0,0.0,0.0,0.0,1.0,0.0,0.0,85,85,1.0,0.0,0.0,0.0,0.0,0.0,0.0,0.0
0.05733013153076172,udp,53,SF,67,184,0,0,0,0,0,0,0,0,0,0,0,0,0,0,0,0,86,86,0.0,0.0,0.0,0.0,1.0,0.0,0.0,86,86,1.0,0.0,0.0,0.0,0.0,0.0,0.0,0.0
0.0,udp,53,SF,64,0,0,0,0,0,0,0,0,0,0,0,0,0,0,0,0,0,87,87,0.0,0.0,0.0,0.0,1.0,0.0,0.0,87,87,1.0,0.0,0.0,0.0,0.0,0.0,0.0,0.0
0.0,udp,53,SF,81,0,0,0,0,0,0,0,0,0,0,0,0,0,0,0,0,0,88,88,0.0,0.0,0.0,0.0,1.0,0.0,0.0,88,88,1.0,0.0,0.0,0.0,0.0,0.0,0.0,0.0
1.9447340965270996,udp,53,SF,81,193,0,0,0,0,0,0,0,0,0,0,0,0,0,0,0,0,89,89,0.0,0.0,0.0,0.0,1.0,0.0,0.0,89,89,1.0,0.0,0.0,0.0,0.0,0.0,0.0,0.0
0.15628600120544434,udp,40940,SF,131,326,0,0,0,0,0,0,0,0,0,0,0,0,0,0,0,0,0,0,0.0,0.0,0.0,0.0,0.0,0.0,0.0,0,0,0.0,0.0,0.0,0.0,0.0,0.0,0.0,0.0
0.2839930057525635,udp,443,SF,408,674,0,0,0,0,0,0,0,0,0,0,0,0,0,0,0,0,1,1,0.0,0.0,0.0,0.0,1.0,0.0,0.0,1,1,1.0,0.0,0.0,0.0,0.0,0.0,0.0,0.0
0.0200960636138916,udp,67,SF,668,0,0,0,0,0,0,0,0,0,0,0,0,0,0,0,0,0,0,0,0.0,0.0,0.0,0.0,0.0,0.0,0.0,0,0,0.0,0.0,0.0,0.0,0.0,0.0,0.0,0.0
0.0,udp,3702,SF,652,0,0,0,0,0,0,0,0,0,0,0,0,0,0,0,0,0,0,0,0.0,0.0,0.0,0.0,0.0,0.0,0.0,0,0,0.0,0.0,0.0,0.0,0.0,0.0,0.0,0.0
0.4158201217651367,udp,5355,SF,106,0,0,0,0,0,0,0,0,0,0,0,0,0,0,0,0,0,0,0,0.0,0.0,0.0,0.0,0.0,0.0,0.0,0,0,0.0,0.0,0.0,0.0,0.0,0.0,0.0,0.0
2.2779650688171387,udp,137,SF,1056,0,0,0,0,0,0,0,0,0,0,0,0,0,0,0,0,0,0,0,0.0,0.0,0.0,0.0,0.0,0.0,0.0,0,0,0.0,0.0,0.0,0.0,0.0,0.0,0.0,0.0
0.41356587409973145,udp,5355,SF,106,0,0,0,0,0,0,0,0,0,0,0,0,0,0,0,0,0,1,1,0.0,0.0,0.0,0.0,1.0,0.0,0.0,1,1,1.0,0.0,0.0,0.0,0.0,0.0,0.0,0.0
0.3884768486022949,udp,7881,SF,131,608,0,0,0,0,0,0,0,0,0,0,0,0,0,0,0,0,0,0,0.0,0.0,0.0,0.0,0.0,0.0,0.0,0,0,0.0,0.0,0.0,0.0,0.0,0.0,0.0,0.0
0.42226600646972656,udp,5355,SF,106,0,0,0,0,0,0,0,0,0,0,0,0,0,0,0,0,0,2,2,0.0,0.0,0.0,0.0,1.0,0.0,0.0,2,2,1.0,0.0,0.0,0.0,0.0,0.0,0.0,0.0
2.9974920749664307,udp,22222,SF,112,0,0,0,0,0,0,0,0,0,0,0,0,0,0,0,0,0,1,0,0.0,0.0,0.0,0.0,0.0,1.0,0.0,1,0,0.0,1.0,0.0,0.0,0.0,0.0,0.0,0.0
6.006903886795044,udp,3289,SF,126,0,0,0,0,0,0,0,0,0,0,0,0,0,0,0,0,0,2,0,0.0,0.0,0.0,0.0,0.0,1.0,0.0,2,0,0.0,1.0,0.0,0.0,0.0,0.0,0.0,0.0
6.007021188735962,udp,22222,SF,168,0,0,0,0,0,0,0,0,0,0,0,0,0,0,0,0,0,3,1,0.0,0.0,0.0,0.0,0.3333333333333333,0.6666666666666666,0.0,3,1,0.3333333333333333,0.6666666666666666,0.0,0.0,0.0,0.0,0.0,0.0
6.006350994110107,udp,3289,SF,126,0,0,0,0,0,0,0,0,0,0,0,0,0,0,0,0,0,4,1,0.0,0.0,0.0,0.0,0.25,0.75,0.0,4,1,0.25,0.75,0.0,0.0,0.0,0.0,0.0,0.0
6.004349946975708,udp,22222,SF,168,0,0,0,0,0,0,0,0,0,0,0,0,0,0,0,0,0,5,2,0.0,0.0,0.0,0.0,0.4,0.6,0.0,5,2,0.4,0.6,0.0,0.0,0.0,0.0,0.0,0.0
5.988050937652588,udp,22222,SF,168,0,0,0,0,0,0,0,0,0,0,0,0,0,0,0,0,0,6,3,0.0,0.0,0.0,0.0,0.5,0.5,0.0,6,3,0.5,0.5,0.0,0.0,0.0,0.0,0.0,0.0
6.005397081375122,udp,3289,SF,126,0,0,0,0,0,0,0,0,0,0,0,0,0,0,0,0,0,7,2,0.0,0.0,0.0,0.0,0.2857142857142857,0.7142857142857143,0.0,7,2,0.2857142857142857,0.7142857142857143,0.0,0.0,0.0,0.0,0.0,0.0
6.003252983093262,udp,22222,SF,168,0,0,0,0,0,0,0,0,0,0,0,0,0,0,0,0,0,8,4,0.0,0.0,0.0,0.0,0.5,0.5,0.0,8,4,0.5,0.5,0.0,0.0,0.0,0.0,0.0,0.0
5.989017009735107,udp,10004,SF,999,0,0,0,0,0,0,0,0,0,0,0,0,0,0,0,0,0,9,0,0.0,0.0,0.0,0.0,0.0,1.0,0.0,9,0,0.0,1.0,0.0,0.0,0.0,0.0,0.0,0.0
2.991626024246216,udp,22222,SF,112,0,0,0,0,0,0,0,0,0,0,0,0,0,0,0,0,0,10,5,0.0,0.0,0.0,0.0,0.5,0.5,0.0,10,5,0.5,0.5,0.0,0.0,0.0,0.0,0.0,0.0
9.02135181427002,udp,1900,SF,1047,0,0,0,0,0,0,0,0,0,0,0,0,0,0,0,0,0,1,0,0.0,0.0,0.0,0.0,0.0,1.0,0.0,1,0,0.0,1.0,0.0,0.0,0.0,0.0,0.0,0.0
0.24958395957946777,udp,8199,SF,131,317,0,0,0,0,0,0,0,0,0,0,0,0,0,0,0,0,0,0,0.0,0.0,0.0,0.0,0.0,0.0,0.0,0,0,0.0,0.0,0.0,0.0,0.0,0.0,0.0,0.0
18.597459077835083,udp,5353,SF,2449,0,0,0,0,0,0,0,0,0,0,0,0,0,0,0,0,0,1,1,0.0,0.0,0.0,0.0,1.0,0.0,0.0,1,1,1.0,0.0,0.0,0.0,0.0,0.0,0.0,0.0
0.40228796005249023,udp,42904,SF,131,317,0,0,0,0,0,0,0,0,0,0,0,0,0,0,0,0,0,0,0.0,0.0,0.0,0.0,0.0,0.0,0.0,0,0,0.0,0.0,0.0,0.0,0.0,0.0,0.0,0.0
0.405120849609375,udp,10752,SF,131,326,0,0,0,0,0,0,0,0,0,0,0,0,0,0,0,0,0,0,0.0,0.0,0.0,0.0,0.0,0.0,0.0,0,0,0.0,0.0,0.0,0.0,0.0,0.0,0.0,0.0
0.07300901412963867,udp,53,SF,67,169,0,0,0,0,0,0,0,0,0,0,0,0,0,0,0,0,72,72,0.0,0.0,0.0,0.0,1.0,0.0,0.0,72,72,1.0,0.0,0.0,0.0,0.0,0.0,0.0,0.0
0.07739806175231934,udp,53,SF,67,128,0,0,0,0,0,0,0,0,0,0,0,0,0,0,0,0,72,72,0.0,0.0,0.0,0.0,1.0,0.0,0.0,72,72,1.0,0.0,0.0,0.0,0.0,0.0,0.0,0.0
0.08960199356079102,udp,53,SF,67,169,0,0,0,0,0,0,0,0,0,0,0,0,0,0,0,0,72,72,0.0,0.0,0.0,0.0,1.0,0.0,0.0,72,72,1.0,0.0,0.0,0.0,0.0,0.0,0.0,0.0
0.08388400077819824,udp,53,SF,67,169,0,0,0,0,0,0,0,0,0,0,0,0,0,0,0,0,72,72,0.0,0.0,0.0,0.0,1.0,0.0,0.0,72,72,1.0,0.0,0.0,0.0,0.0,0.0,0.0,0.0
0.0724790096282959,udp,53,SF,67,128,0,0,0,0,0,0,0,0,0,0,0,0,0,0,0,0,72,72,0.0,0.0,0.0,0.0,1.0,0.0,0.0,72,72,1.0,0.0,0.0,0.0,0.0,0.0,0.0,0.0
0.08267498016357422,udp,53,SF,67,169,0,0,0,0,0,0,0,0,0,0,0,0,0,0,0,0,72,72,0.0,0.0,0.0,0.0,1.0,0.0,0.0,72,72,1.0,0.0,0.0,0.0,0.0,0.0,0.0,0.0
0.08418798446655273,udp,53,SF,67,128,0,0,0,0,0,0,0,0,0,0,0,0,0,0,0,0,72,72,0.0,0.0,0.0,0.0,1.0,0.0,0.0,72,72,1.0,0.0,0.0,0.0,0.0,0.0,0.0,0.0
0.0,udp,53,SF,67,0,0,0,0,0,0,0,0,0,0,0,0,0,0,0,0,0,72,72,0.0,0.0,0.0,0.0,1.0,0.0,0.0,72,72,1.0,0.0,0.0,0.0,0.0,0.0,0.0,0.0
0.07995414733886719,udp,53,SF,67,128,0,0,0,0,0,0,0,0,0,0,0,0,0,0,0,0,72,72,0.0,0.0,0.0,0.0,1.0,0.0,0.0,72,72,1.0,0.0,0.0,0.0,0.0,0.0,0.0,0.0
0.08143210411071777,udp,53,SF,67,169,0,0,0,0,0,0,0,0,0,0,0,0,0,0,0,0,72,72,0.0,0.0,0.0,0.0,1.0,0.0,0.0,72,72,1.0,0.0,0.0,0.0,0.0,0.0,0.0,0.0
0.06470608711242676,udp,53,SF,67,128,0,0,0,0,0,0,0,0,0,0,0,0,0,0,0,0,72,72,0.0,0.0,0.0,0.0,1.0,0.0,0.0,72,72,1.0,0.0,0.0,0.0,0.0,0.0,0.0,0.0
0.0,udp,53,SF,60,0,0,0,0,0,0,0,0,0,0,0,0,0,0,0,0,0,72,72,0.0,0.0,0.0,0.0,1.0,0.0,0.0,72,72,1.0,0.0,0.0,0.0,0.0,0.0,0.0,0.0
0.07768106460571289,udp,53,SF,60,173,0,0,0,0,0,0,0,0,0,0,0,0,0,0,0,0,72,72,0.0,0.0,0.0,0.0,1.0,0.0,0.0,72,72,1.0,0.0,0.0,0.0,0.0,0.0,0.0,0.0
0.07892990112304688,udp,53,SF,60,199,0,0,0,0,0,0,0,0,0,0,0,0,0,0,0,0,72,72,0.0,0.0,0.0,0.0,1.0,0.0,0.0,72,72,1.0,0.0,0.0,0.0,0.0,0.0,0.0,0.0
0.08138418197631836,udp,53,SF,63,194,0,0,0,0,0,0,0,0,0,0,0,0,0,0,0,0,72,72,0.0,0.0,0.0,0.0,1.0,0.0,0.0,72,72,1.0,0.0,0.0,0.0,0.0,0.0,0.0,0.0
0.06426095962524414,udp,53,SF,63,170,0,0,0,0,0,0,0,0,0,0,0,0,0,0,0,0,72,72,0.0,0.0,0.0,0.0,1.0,0.0,0.0,72,72,1.0,0.0,0.0,0.0,0.0,0.0,0.0,0.0
0.07941913604736328,udp,53,SF,63,199,0,0,0,0,0,0,0,0,0,0,0,0,0,0,0,0,72,72,0.0,0.0,0.0,0.0,1.0,0.0,0.0,72,72,1.0,0.0,0.0,0.0,0.0,0.0,0.0,0.0
0.05242204666137695,udp,53,SF,80,244,0,0,0,0,0,0,0,0,0,0,0,0,0,0,0,0,72,72,0.0,0.0,0.0,0.0,1.0,0.0,0.0,72,72,1.0,0.0,0.0,0.0,0.0,0.0,0.0,0.0
0.05265998840332031,udp,53,SF,80,200,0,0,0,0,0,0,0,0,0,0,0,0,0,0,0,0,72,72,0.0,0.0,0.0,0.0,1.0,0.0,0.0,72,72,1.0,0.0,0.0,0.0,0.0,0.0,0.0,0.0
0.05081009864807129,udp,53,SF,80,244,0,0,0,0,0,0,0,0,0,0,0,0,0,0,0,0,72,72,0.0,0.0,0.0,0.0,1.0,0.0,0.0,72,72,1.0,0.0,0.0,0.0,0.0,0.0,0.0,0.0
0.0026481151580810547,udp,53,SF,63,197,0,0,0,0,0,0,0,0,0,0,0,0,0,0,0,0,72,72,0.0,0.0,0.0,0.0,1.0,0.0,0.0,72,72,1.0,0.0,0.0,0.0,0.0,0.0,0.0,0.0
0.002888917922973633,udp,53,SF,63,173,0,0,0,0,0,0,0,0,0,0,0,0,0,0,0,0,72,72,0.0,0.0,0.0,0.0,1.0,0.0,0.0,72,72,1.0,0.0,0.0,0.0,0.0,0.0,0.0,0.0
0.033783912658691406,udp,53,SF,63,199,0,0,0,0,0,0,0,0,0,0,0,0,0,0,0,0,72,72,0.0,0.0,0.0,0.0,1.0,0.0,0.0,72,72,1.0,0.0,0.0,0.0,0.0,0.0,0.0,0.0
0.002290010452270508,udp,53,SF,63,197,0,0,0,0,0,0,0,0,0,0,0,0,0,0,0,0,72,72,0.0,0.0,0.0,0.0,1.0,0.0,0.0,72,72,1.0,0.0,0.0,0.0,0.0,0.0,0.0,0.0
0.0028100013732910156,udp,53,SF,63,173,0,0,0,0,0,0,0,0,0,0,0,0,0,0,0,0,72,72,0.0,0.0,0.0,0.0,1.0,0.0,0.0,72,72,1.0,0.0,0.0,0.0,0.0,0.0,0.0,0.0
0.002315044403076172,udp,53,SF,67,115,0,0,0,0,0,0,0,0,0,0,0,0,0,0,0,0,72,72,0.0,0.0,0.0,0.0,1.0,0.0,0.0,72,72,1.0,0.0,0.0,0.0,0.0,0.0,0.0,0.0
0.003170013427734375,udp,53,SF,67,131,0,0,0,0,0,0,0,0,0,0,0,0,0,0,0,0,72,72,0.0,0.0,0.0,0.0,1.0,0.0,0.0,72,72,1.0,0.0,0.0,0.0,0.0,0.0,0.0,0.0
0.05329704284667969,udp,53,SF,77,264,0,0,0,0,0,0,0,0,0,0,0,0,0,0,0,0,72,72,0.0,0.0,0.0,0.0,1.0,0.0,0.0,72,72,1.0,0.0,0.0,0.0,0.0,0.0,0.0,0.0
0.053923845291137695,udp,53,SF,77,447,0,0,0,0,0,0,0,0,0,0,0,0,0,0,0,0,72,72,0.0,0.0,0.0,0.0,1.0,0.0,0.0,72,72,1.0,0.0,0.0,0.0,0.0,0.0,0.0,0.0
0.054368019104003906,udp,53,SF,77,264,0,0,0,0,0,0,0,0,0,0,0,0,0,0,0,0,72,72,0.0,0.0,0.0,0.0,1.0,0.0,0.0,72,72,1.0,0.0,0.0,0.0,0.0,0.0,0.0,0.0
0.03412985801696777,udp,53,SF,60,199,0,0,0,0,0,0,0,0,0,0,0,0,0,0,0,0,72,72,0.0,0.0,0.0,0.0,1.0,0.0,0.0,72,72,1.0,0.0,0.0,0.0,0.0,0.0,0.0,0.0
0.18599295616149902,udp,40954,SF,131,326,0,0,0,0,0,0,0,0,0,0,0,0,0,0,0,0,0,0,0.0,0.0,0.0,0.0,0.0,0.0,0.0,0,0,0.0,0.0,0.0,0.0,0.0,0.0,0.0,0.0
0.0,udp,53,SF,65,0,0,0,0,0,0,0,0,0,0,0,0,0,0,0,0,0,71,71,0.0,0.0,0.0,0.0,1.0,0.0,0.0,71,71,1.0,0.0,0.0,0.0,0.0,0.0,0.0,0.0
0.03303790092468262,udp,53,SF,65,105,0,0,0,0,0,0,0,0,0,0,0,0,0,0,0,0,71,71,0.0,0.0,0.0,0.0,1.0,0.0,0.0,71,71,1.0,0.0,0.0,0.0,0.0,0.0,0.0,0.0
0.03360605239868164,udp,53,SF,65,139,0,0,0,0,0,0,0,0,0,0,0,0,0,0,0,0,71,71,0.0,0.0,0.0,0.0,1.0,0.0,0.0,71,71,1.0,0.0,0.0,0.0,0.0,0.0,0.0,0.0
0.0,udp,53,SF,67,0,0,0,0,0,0,0,0,0,0,0,0,0,0,0,0,0,72,72,0.0,0.0,0.0,0.0,1.0,0.0,0.0,72,72,1.0,0.0,0.0,0.0,0.0,0.0,0.0,0.0
0.04187202453613281,udp,53,SF,67,83,0,0,0,0,0,0,0,0,0,0,0,0,0,0,0,0,72,72,0.0,0.0,0.0,0.0,1.0,0.0,0.0,72,72,1.0,0.0,0.0,0.0,0.0,0.0,0.0,0.0
0.0416409969329834,udp,53,SF,67,124,0,0,0,0,0,0,0,0,0,0,0,0,0,0,0,0,72,72,0.0,0.0,0.0,0.0,1.0,0.0,0.0,72,72,1.0,0.0,0.0,0.0,0.0,0.0,0.0,0.0
0.04581093788146973,udp,53,SF,68,214,0,0,0,0,0,0,0,0,0,0,0,0,0,0,0,0,72,72,0.0,0.0,0.0,0.0,1.0,0.0,0.0,72,72,1.0,0.0,0.0,0.0,0.0,0.0,0.0,0.0
0.052514076232910156,udp,53,SF,68,276,0,0,0,0,0,0,0,0,0,0,0,0,0,0,0,0,72,72,0.0,0.0,0.0,0.0,1.0,0.0,0.0,72,72,1.0,0.0,0.0,0.0,0.0,0.0,0.0,0.0
0.052229881286621094,udp,53,SF,68,214,0,0,0,0,0,0,0,0,0,0,0,0,0,0,0,0,72,72,0.0,0.0,0.0,0.0,1.0,0.0,0.0,72,72,1.0,0.0,0.0,0.0,0.0,0.0,0.0,0.0
0.0,udp,53,SF,69,0,0,0,0,0,0,0,0,0,0,0,0,0,0,0,0,0,72,72,0.0,0.0,0.0,0.0,1.0,0.0,0.0,72,72,1.0,0.0,0.0,0.0,0.0,0.0,0.0,0.0
0.04461383819580078,udp,53,SF,69,183,0,0,0,0,0,0,0,0,0,0,0,0,0,0,0,0,72,72,0.0,0.0,0.0,0.0,1.0,0.0,0.0,72,72,1.0,0.0,0.0,0.0,0.0,0.0,0.0,0.0
0.04541492462158203,udp,53,SF,69,212,0,0,0,0,0,0,0,0,0,0,0,0,0,0,0,0,72,72,0.0,0.0,0.0,0.0,1.0,0.0,0.0,72,72,1.0,0.0,0.0,0.0,0.0,0.0,0.0,0.0
0.0,udp,53,SF,69,0,0,0,0,0,0,0,0,0,0,0,0,0,0,0,0,0,72,72,0.0,0.0,0.0,0.0,1.0,0.0,0.0,72,72,1.0,0.0,0.0,0.0,0.0,0.0,0.0,0.0
0.03831601142883301,udp,53,SF,69,183,0,0,0,0,0,0,0,0,0,0,0,0,0,0,0,0,72,72,0.0,0.0,0.0,0.0,1.0,0.0,0.0,72,72,1.0,0.0,0.0,0.0,0.0,0.0,0.0,0.0
0.0034151077270507812,udp,53,SF,67,115,0,0,0,0,0,0,0,0,0,0,0,0,0,0,0,0,73,73,0.0,0.0,0.0,0.0,1.0,0.0,0.0,73,73,1.0,0.0,0.0,0.0,0.0,0.0,0.0,0.0
0.0046520233154296875,udp,53,SF,67,131,0,0,0,0,0,0,0,0,0,0,0,0,0,0,0,0,73,73,0.0,0.0,0.0,0.0,1.0,0.0,0.0,73,73,1.0,0.0,0.0,0.0,0.0,0.0,0.0,0.0
0.14295315742492676,udp,40754,SF,131,326,0,0,0,0,0,0,0,0,0,0,0,0,0,0,0,0,0,0,0.0,0.0,0.0,0.0,0.0,0.0,0.0,0,0,0.0,0.0,0.0,0.0,0.0,0.0,0.0,0.0
0.0,udp,53,SF,69,0,0,0,0,0,0,0,0,0,0,0,0,0,0,0,0,0,72,72,0.0,0.0,0.0,0.0,1.0,0.0,0.0,72,72,1.0,0.0,0.0,0.0,0.0,0.0,0.0,0.0
0.9955329895019531,udp,443,SF,6501,10953,0,0,0,0,0,0,0,0,0,0,0,0,0,0,0,0,0,0,0.0,0.0,0.0,0.0,0.0,0.0,0.0,0,0,0.0,0.0,0.0,0.0,0.0,0.0,0.0,0.0
0.28493690490722656,udp,443,SF,1278,1278,0,0,0,0,0,0,0,0,0,0,0,0,0,0,0,0,1,1,0.0,0.0,0.0,0.0,1.0,0.0,0.0,1,1,1.0,0.0,0.0,0.0,0.0,0.0,0.0,0.0
7.6010918617248535,udp,53,SF,133,263,0,0,0,0,0,0,0,0,0,0,0,0,0,0,0,0,70,70,0.0,0.0,0.0,0.0,1.0,0.0,0.0,70,70,1.0,0.0,0.0,0.0,0.0,0.0,0.0,0.0
7.600594997406006,udp,53,SF,133,299,0,0,0,0,0,0,0,0,0,0,0,0,0,0,0,0,70,70,0.0,0.0,0.0,0.0,1.0,0.0,0.0,70,70,1.0,0.0,0.0,0.0,0.0,0.0,0.0,0.0
0.4186828136444092,udp,4209,SF,131,317,0,0,0,0,0,0,0,0,0,0,0,0,0,0,0,0,0,0,0.0,0.0,0.0,0.0,0.0,0.0,0.0,0,0,0.0,0.0,0.0,0.0,0.0,0.0,0.0,0.0
1.087116003036499,udp,9011,SF,131,296,0,0,0,0,0,0,0,0,0,0,0,0,0,0,0,0,0,0,0.0,0.0,0.0,0.0,0.0,0.0,0.0,0,0,0.0,0.0,0.0,0.0,0.0,0.0,0.0,0.0
0.539215087890625,udp,32789,SF,131,89,0,0,0,0,0,0,0,0,0,0,0,0,0,0,0,0,0,0,0.0,0.0,0.0,0.0,0.0,0.0,0.0,0,0,0.0,0.0,0.0,0.0,0.0,0.0,0.0,0.0
0.0,udp,3556,SF,131,0,0,0,0,0,0,0,0,0,0,0,0,0,0,0,0,0,0,0,0.0,0.0,0.0,0.0,0.0,0.0,0.0,0,0,0.0,0.0,0.0,0.0,0.0,0.0,0.0,0.0
0.0,udp,1900,SF,165,0,0,0,0,0,0,0,0,0,0,0,0,0,0,0,0,0,2,1,0.0,0.0,0.0,0.0,0.5,0.5,0.0,2,1,0.5,0.5,0.0,0.0,0.0,0.0,0.0,0.0
1.6198499202728271,tcp,443,REJ,41,40,0,0,0,0,0,0,0,0,0,0,0,0,0,0,0,0,0,0,0.0,0.0,1.0,1.0,0.0,0.0,0.0,0,0,0.0,0.0,0.0,0.0,0.0,0.0,1.0,1.0
0.0,tcp,443,REJ,40,0,0,0,0,0,0,0,0,0,0,0,0,0,0,0,0,0,0,0,0.0,0.0,1.0,1.0,0.0,0.0,0.0,0,0,0.0,0.0,0.0,0.0,0.0,0.0,1.0,1.0
0.15832018852233887,udp,24867,SF,131,296,0,0,0,0,0,0,0,0,0,0,0,0,0,0,0,0,0,0,0.0,0.0,0.0,0.0,0.0,0.0,0.0,0,0,0.0,0.0,0.0,0.0,0.0,0.0,0.0,0.0
0.9361851215362549,tcp,443,REJ,41,40,0,0,0,0,0,0,0,0,0,0,0,0,0,0,0,0,0,0,0.0,0.0,1.0,1.0,0.0,0.0,0.0,0,0,0.0,0.0,0.0,0.0,0.0,0.0,1.0,1.0
0.04518914222717285,udp,53,SF,66,271,0,0,0,0,0,0,0,0,0,0,0,0,0,0,0,0,62,62,0.0,0.0,0.0,0.0,1.0,0.0,0.0,62,62,1.0,0.0,0.0,0.0,0.0,0.0,0.0,0.0
0.0,udp,53,SF,66,0,0,0,0,0,0,0,0,0,0,0,0,0,0,0,0,0,62,62,0.0,0.0,0.0,0.0,1.0,0.0,0.0,62,62,1.0,0.0,0.0,0.0,0.0,0.0,0.0,0.0
2.6860439777374268,udp,6881,SF,131,326,0,0,0,0,0,0,0,0,0,0,0,0,0,0,0,0,0,0,0.0,0.0,0.0,0.0,0.0,0.0,0.0,0,0,0.0,0.0,0.0,0.0,0.0,0.0,0.0,0.0
